contestant_id,season_number,contestant_name,Episode,Wig_Removed,Death_Drop,Outfit_Reveal,Quality_of_outfit,Merle,Michelle,Santino,Ross,Carson,Do_they_know_words,Outfit_Reveal_1,Gender,Race,Body_Type,Type_Queen,Sewing,Dancing,Singing,Lip_Sync_Ass,Expressed_Hardship,episode_number,episode_airdate,episode_title,episode_type,episode_maxi_challenge_type,numqueen,sumqueen,contestant_entrance,age,hometown_city,hometown_state,season_outcome,handle_instagram,handle_twitter,numepisode,episode_placement,OUTCOME_LOSS,season,nickname,runwaytheme,minic,minicw1,minicw2,minicw3,bottom1,bottom2,bottom3,bottom4,bottom5,bottom6,lipsyncartist,lipsyncsong,eliminated1,eliminated2,notes,airdate,special,finale,numqueens,rank,contestant,outcome,eliminated,participant,minichalw,penultimate,dob,hometown,minicwins,numcontests,perc_high,perc_win,perc_winhigh,perc_low,perc_btm,perc_lowbtm,num_high,num_win,num_winhigh,num_btm,num_low,num_lowbtm,db_score,points,ppe
1,1,Shannel,1,1,0,0,1,0,1,0,0,0,1,0,0,0,0,2,1,0,0,0,1,1,02/02/2009,Drag on a Dime,Competition,Sewing,9,0,1,26,Las Vegas,Nevada,4,theofficialshannel,ShannelOfficial,9,SAFE,0,S01,Drag on a Dime,,,,,,Akashia,Victoria (Porkchop) Parker,,,,,RuPaul,Supermodel,Victoria (Porkchop) Parker,,,2009-02-02,0,0,9,4,Shannel,SAFE,0,1,0,0,7123,"Las Vegas, Nevada",0,6,0.166666667,0,0.166666667,0.166666667,0.333333333,0.5,1,0,1,2,1,3,-4,-4,-0.666666667
1,1,Shannel,2,0,0,0,1,1,0,1,0,0,1,0,0,0,0,2,1,0,0,0,1,2,02/09/2009,Girl Group Challenge,Competition,Lipsync,9,0,1,26,Las Vegas,Nevada,4,theofficialshannel,ShannelOfficial,9,HIGH,0,S01,Girl Group Challenge,,Act out emotions,Ongina,Akashia,,Akashia,Tammie Brown,,,,,Michelle Williams,We Break the Dawn,Tammie Brown,,,2009-02-09,0,0,8,4,Shannel,SAFE,0,1,0,0,7123,"Las Vegas, Nevada",0,6,0.166666667,0,0.166666667,0.166666667,0.333333333,0.5,1,0,1,2,1,3,-4,-4,-0.666666667
1,1,Shannel,3,0,0,0,0,1,0,1,0,0,1,0,0,0,0,2,1,0,0,0,1,3,02/16/2009,Queens of All Media,Competition,Talk Show,9,0,1,26,Las Vegas,Nevada,4,theofficialshannel,ShannelOfficial,9,BTM2,0,S01,Queens of All Media,,,,,,Akashia,Shannel,,,,,Whitney Houston,The Greatest Love of All,Akashia,,,2009-02-16,0,0,7,4,Shannel,BTM,0,1,0,0,7123,"Las Vegas, Nevada",0,6,0.166666667,0,0.166666667,0.166666667,0.333333333,0.5,1,0,1,2,1,3,-4,-4,-0.666666667
1,1,Shannel,4,0,0,1,0,0,1,0,0,0,1,1,0,0,0,2,1,0,0,0,1,4,02/23/2009,Mac Viva-Glam Challenge,Competition,Commercial,9,0,1,26,Las Vegas,Nevada,4,theofficialshannel,ShannelOfficial,9,LOW,0,S01,Mac Viva-Glam Challenge,,30 Minutes to do partner's makeup,Jade,,,Jade,Rebecca Glasscock,,,,,The Eurythmics,Would I Lie to You?,Jade,,,2009-02-23,0,0,6,4,Shannel,LOW,0,1,0,0,7123,"Las Vegas, Nevada",0,6,0.166666667,0,0.166666667,0.166666667,0.333333333,0.5,1,0,1,2,1,3,-4,-4,-0.666666667
1,1,Shannel,5,0,0,0,1,0,1,1,0,0,0,0,0,0,0,2,1,0,0,0,1,5,03/02/2009,Drag School of Charm,Competition,Makeover,9,0,1,26,Las Vegas,Nevada,4,theofficialshannel,ShannelOfficial,9,HIGH,0,S01,Drag School of Charm,,Exercise/endurance challenge,Rebecca Glasscock,,,Bebe Zahara Benet,Ongina,,,,,Britney Spears,Stronger,Ongina,,,2009-03-02,0,0,5,4,Shannel,HIGH,0,1,0,0,7123,"Las Vegas, Nevada",0,6,0.166666667,0,0.166666667,0.166666667,0.333333333,0.5,1,0,1,2,1,3,-4,-4,-0.666666667
1,1,Shannel,6,0,0,0,1,0,1,1,0,0,0,0,0,0,0,2,1,0,0,0,1,6,03/09/2009,Absolut Drag Ball,Competition,Ball,9,0,1,26,Las Vegas,Nevada,4,theofficialshannel,ShannelOfficial,9,ELIM,1,S01,Absolut Drag Ball,,Vogue posing challenge,Nina Flowers,,,Rebecca Glasscock,Shannel,,,,,Mary Mary,Praise You,Shannel,,,2009-03-09,0,0,4,4,Shannel,BTM,1,1,0,0,7123,"Las Vegas, Nevada",0,6,0.166666667,0,0.166666667,0.166666667,0.333333333,0.5,1,0,1,2,1,3,-4,-4,-0.666666667
1,1,Shannel,7,0,0,0,0,0,1,1,0,0,1,0,0,0,0,2,1,0,0,0,1,7,03/16/2009,Extra Special Edition,Recap,,9,0,1,26,Las Vegas,Nevada,4,theofficialshannel,ShannelOfficial,9,,,S01,Extra Special Edition,,,,,,,,,,,,,,,,,2009-03-16,1,,,4,Shannel,,,,,,7123,"Las Vegas, Nevada",0,6,0.166666667,0,0.166666667,0.166666667,0.333333333,0.5,1,0,1,2,1,3,-4,-4,-0.666666667
1,1,Shannel,8,0,0,0,1,0,1,1,0,0,0,0,0,0,0,2,1,0,0,0,1,8,03/23/2009,Grande Finale,Finale,,9,0,1,26,Las Vegas,Nevada,4,theofficialshannel,ShannelOfficial,9,,,S01,Grande Finale,,,,,,Rebecca Glasscock,,,,,,RuPaul,Cover Girl (Put the Bass in Your Walk),Rebecca Glasscock,,Finale. Bebe Zahara Benet wins S1.,2009-03-23,0,1,3,4,Shannel,NA,NA,0,NA,0,7123,"Las Vegas, Nevada",0,6,0.166666667,0,0.166666667,0.166666667,0.333333333,0.5,1,0,1,2,1,3,-4,-4,-0.666666667
1,1,Shannel,9,0,0,0,1,0,1,1,0,0,1,0,0,0,0,2,1,0,0,0,1,9,03/23/2009,Re-United!,Reunion,,9,0,1,26,Las Vegas,Nevada,4,theofficialshannel,ShannelOfficial,9,Guest,,S01,Re-United!,,,,,,,,,,,,,,,,,2009-03-23,1,,,4,Shannel,,,,,,7123,"Las Vegas, Nevada",0,6,0.166666667,0,0.166666667,0.166666667,0.333333333,0.5,1,0,1,2,1,3,-4,-4,-0.666666667
2,1,Nina Flowers,1,1,0,0,0,0,1,1,0,0,1,0,0,2,0,2,1,1,0,0,0,1,02/02/2009,Drag on a Dime,Competition,Sewing,9,0,2,34,Bayamon,Puerto Rico,2,djninaflowers,DJNinaFlowers,9,WIN,0,S01,Drag on a Dime,,,,,,Akashia,Victoria (Porkchop) Parker,,,,,RuPaul,Supermodel,Victoria (Porkchop) Parker,,,2009-02-02,0,0,9,2,Nina Flowers,WIN,0,1,0,0,5166,"BayamÃ³n, Puerto Rico",1,6,0.5,0.166666667,0.666666667,0.166666667,0,0.166666667,3,1,4,0,1,1,4,4,0.666666667
2,1,Nina Flowers,2,0,0,0,1,1,0,1,0,0,1,0,0,2,0,2,1,1,0,0,0,2,02/09/2009,Girl Group Challenge,Competition,Lipsync,9,0,2,34,Bayamon,Puerto Rico,2,djninaflowers,DJNinaFlowers,9,HIGH,0,S01,Girl Group Challenge,,Act out emotions,Ongina,Akashia,,Akashia,Tammie Brown,,,,,Michelle Williams,We Break the Dawn,Tammie Brown,,,2009-02-09,0,0,8,2,Nina Flowers,SAFE,0,1,0,0,5166,"BayamÃ³n, Puerto Rico",1,6,0.5,0.166666667,0.666666667,0.166666667,0,0.166666667,3,1,4,0,1,1,4,4,0.666666667
2,1,Nina Flowers,3,0,0,0,0,1,0,1,0,0,1,0,0,2,0,2,1,1,0,0,0,3,02/16/2009,Queens of All Media,Competition,Talk Show,9,0,2,34,Bayamon,Puerto Rico,2,djninaflowers,DJNinaFlowers,9,HIGH,0,S01,Queens of All Media,,,,,,Akashia,Shannel,,,,,Whitney Houston,The Greatest Love of All,Akashia,,,2009-02-16,0,0,7,2,Nina Flowers,HIGH,0,1,0,0,5166,"BayamÃ³n, Puerto Rico",1,6,0.5,0.166666667,0.666666667,0.166666667,0,0.166666667,3,1,4,0,1,1,4,4,0.666666667
2,1,Nina Flowers,4,0,0,0,0,0,1,0,0,0,1,0,0,2,0,2,1,1,0,0,0,4,02/23/2009,Mac Viva-Glam Challenge,Competition,Commercial,9,0,2,34,Bayamon,Puerto Rico,2,djninaflowers,DJNinaFlowers,9,HIGH,0,S01,Mac Viva-Glam Challenge,,30 Minutes to do partner's makeup,Jade,,,Jade,Rebecca Glasscock,,,,,The Eurythmics,Would I Lie to You?,Jade,,,2009-02-23,0,0,6,2,Nina Flowers,HIGH,0,1,0,0,5166,"BayamÃ³n, Puerto Rico",1,6,0.5,0.166666667,0.666666667,0.166666667,0,0.166666667,3,1,4,0,1,1,4,4,0.666666667
2,1,Nina Flowers,5,0,0,0,1,0,1,1,0,0,1,0,0,2,0,2,1,1,0,0,0,5,03/02/2009,Drag School of Charm,Competition,Makeover,9,0,2,34,Bayamon,Puerto Rico,2,djninaflowers,DJNinaFlowers,9,LOW,0,S01,Drag School of Charm,,Exercise/endurance challenge,Rebecca Glasscock,,,Bebe Zahara Benet,Ongina,,,,,Britney Spears,Stronger,Ongina,,,2009-03-02,0,0,5,2,Nina Flowers,LOW,0,1,0,0,5166,"BayamÃ³n, Puerto Rico",1,6,0.5,0.166666667,0.666666667,0.166666667,0,0.166666667,3,1,4,0,1,1,4,4,0.666666667
2,1,Nina Flowers,6,0,0,0,0,0,1,1,0,0,1,0,0,2,0,2,1,1,0,0,0,6,03/09/2009,Absolut Drag Ball,Competition,Ball,9,0,2,34,Bayamon,Puerto Rico,2,djninaflowers,DJNinaFlowers,9,HIGH,0,S01,Absolut Drag Ball,,Vogue posing challenge,Nina Flowers,,,Rebecca Glasscock,Shannel,,,,,Mary Mary,Praise You,Shannel,,,2009-03-09,0,0,4,2,Nina Flowers,HIGH,0,1,1,0,5166,"BayamÃ³n, Puerto Rico",1,6,0.5,0.166666667,0.666666667,0.166666667,0,0.166666667,3,1,4,0,1,1,4,4,0.666666667
2,1,Nina Flowers,7,0,0,0,0,0,1,1,0,0,1,0,0,2,0,2,1,1,0,0,0,7,03/16/2009,Extra Special Edition,Recap,,9,0,2,34,Bayamon,Puerto Rico,2,djninaflowers,DJNinaFlowers,9,,,S01,Extra Special Edition,,,,,,,,,,,,,,,,,2009-03-16,1,,,2,Nina Flowers,,,,,,5166,"BayamÃ³n, Puerto Rico",1,6,0.5,0.166666667,0.666666667,0.166666667,0,0.166666667,3,1,4,0,1,1,4,4,0.666666667
2,1,Nina Flowers,8,0,0,0,1,0,1,1,0,0,0,0,0,2,0,2,1,1,0,0,0,8,03/23/2009,Grande Finale,Finale,,9,0,2,34,Bayamon,Puerto Rico,2,djninaflowers,DJNinaFlowers,9,Runner-up,1,S01,Grande Finale,,,,,,Rebecca Glasscock,,,,,,RuPaul,Cover Girl (Put the Bass in Your Walk),Rebecca Glasscock,,Finale. Bebe Zahara Benet wins S1.,2009-03-23,0,1,3,2,Nina Flowers,HIGH,0,1,0,0,5166,"BayamÃ³n, Puerto Rico",1,6,0.5,0.166666667,0.666666667,0.166666667,0,0.166666667,3,1,4,0,1,1,4,4,0.666666667
2,1,Nina Flowers,9,0,0,0,0,0,1,1,0,0,1,0,0,2,0,2,1,1,0,0,0,9,03/23/2009,Re-United!,Reunion,,9,0,2,34,Bayamon,Puerto Rico,2,djninaflowers,DJNinaFlowers,9,Miss C,,S01,Re-United!,,,,,,,,,,,,,,,,,2009-03-23,1,,,2,Nina Flowers,,,,,,5166,"BayamÃ³n, Puerto Rico",1,6,0.5,0.166666667,0.666666667,0.166666667,0,0.166666667,3,1,4,0,1,1,4,4,0.666666667
3,1,Rebecca Glasscock,1,0,0,0,1,0,1,0,0,1,1,0,0,2,0,1,1,0,0,1,1,1,02/02/2009,Drag on a Dime,Competition,Sewing,9,0,3,26,Fort Lauderdale,Florida,3,,rebeccaglasscoc,9,LOW,0,S01,Drag on a Dime,,,,,,Akashia,Victoria (Porkchop) Parker,,,,,RuPaul,Supermodel,Victoria (Porkchop) Parker,,,2009-02-02,0,0,9,3,Rebecca Glasscock,LOW,0,1,0,0,8545,"Fort Lauderdale, Florida",1,6,0.166666667,0.166666667,0.333333333,0.166666667,0.333333333,0.5,1,1,2,2,1,3,-2,-2,-0.333333333
3,1,Rebecca Glasscock,2,0,0,0,0,1,0,1,0,0,1,0,0,2,0,1,1,0,0,1,1,2,02/09/2009,Girl Group Challenge,Competition,Lipsync,9,0,3,26,Fort Lauderdale,Florida,3,,rebeccaglasscoc,9,HIGH,0,S01,Girl Group Challenge,,Act out emotions,Ongina,Akashia,,Akashia,Tammie Brown,,,,,Michelle Williams,We Break the Dawn,Tammie Brown,,,2009-02-09,0,0,8,3,Rebecca Glasscock,SAFE,0,1,0,0,8545,"Fort Lauderdale, Florida",1,6,0.166666667,0.166666667,0.333333333,0.166666667,0.333333333,0.5,1,1,2,2,1,3,-2,-2,-0.333333333
3,1,Rebecca Glasscock,3,0,0,0,0,1,0,1,0,0,1,0,0,2,0,1,1,0,0,1,1,3,02/16/2009,Queens of All Media,Competition,Talk Show,9,0,3,26,Fort Lauderdale,Florida,3,,rebeccaglasscoc,9,SAFE,0,S01,Queens of All Media,,,,,,Akashia,Shannel,,,,,Whitney Houston,The Greatest Love of All,Akashia,,,2009-02-16,0,0,7,3,Rebecca Glasscock,HIGH,0,1,0,0,8545,"Fort Lauderdale, Florida",1,6,0.166666667,0.166666667,0.333333333,0.166666667,0.333333333,0.5,1,1,2,2,1,3,-2,-2,-0.333333333
3,1,Rebecca Glasscock,4,0,0,0,1,0,1,1,0,0,0,0,0,2,0,1,1,0,0,1,1,4,02/23/2009,Mac Viva-Glam Challenge,Competition,Commercial,9,0,3,26,Fort Lauderdale,Florida,3,,rebeccaglasscoc,9,BTM2,0,S01,Mac Viva-Glam Challenge,,30 Minutes to do partner's makeup,Jade,,,Jade,Rebecca Glasscock,,,,,The Eurythmics,Would I Lie to You?,Jade,,,2009-02-23,0,0,6,3,Rebecca Glasscock,BTM,0,1,0,0,8545,"Fort Lauderdale, Florida",1,6,0.166666667,0.166666667,0.333333333,0.166666667,0.333333333,0.5,1,1,2,2,1,3,-2,-2,-0.333333333
3,1,Rebecca Glasscock,5,0,0,0,0,0,1,1,0,0,1,0,0,2,0,1,1,0,0,1,1,5,03/02/2009,Drag School of Charm,Competition,Makeover,9,0,3,26,Fort Lauderdale,Florida,3,,rebeccaglasscoc,9,WIN,0,S01,Drag School of Charm,,Exercise/endurance challenge,Rebecca Glasscock,,,Bebe Zahara Benet,Ongina,,,,,Britney Spears,Stronger,Ongina,,,2009-03-02,0,0,5,3,Rebecca Glasscock,WIN,0,1,1,0,8545,"Fort Lauderdale, Florida",1,6,0.166666667,0.166666667,0.333333333,0.166666667,0.333333333,0.5,1,1,2,2,1,3,-2,-2,-0.333333333
3,1,Rebecca Glasscock,6,0,0,0,0,0,1,1,0,0,1,0,0,2,0,1,1,0,0,1,1,6,03/09/2009,Absolut Drag Ball,Competition,Ball,9,0,3,26,Fort Lauderdale,Florida,3,,rebeccaglasscoc,9,BTM2,0,S01,Absolut Drag Ball,,Vogue posing challenge,Nina Flowers,,,Rebecca Glasscock,Shannel,,,,,Mary Mary,Praise You,Shannel,,,2009-03-09,0,0,4,3,Rebecca Glasscock,BTM,0,1,0,0,8545,"Fort Lauderdale, Florida",1,6,0.166666667,0.166666667,0.333333333,0.166666667,0.333333333,0.5,1,1,2,2,1,3,-2,-2,-0.333333333
3,1,Rebecca Glasscock,7,0,0,0,1,0,1,1,0,0,1,0,0,2,0,1,1,0,0,1,1,7,03/16/2009,Extra Special Edition,Recap,,9,0,3,26,Fort Lauderdale,Florida,3,,rebeccaglasscoc,9,,,S01,Extra Special Edition,,,,,,,,,,,,,,,,,2009-03-16,1,,,3,Rebecca Glasscock,,,,,,8545,"Fort Lauderdale, Florida",1,6,0.166666667,0.166666667,0.333333333,0.166666667,0.333333333,0.5,1,1,2,2,1,3,-2,-2,-0.333333333
3,1,Rebecca Glasscock,8,0,0,0,0,0,1,1,0,0,1,0,0,2,0,1,1,0,0,1,1,8,03/23/2009,Grande Finale,Finale,,9,0,3,26,Fort Lauderdale,Florida,3,,rebeccaglasscoc,9,Eliminated,1,S01,Grande Finale,,,,,,Rebecca Glasscock,,,,,,RuPaul,Cover Girl (Put the Bass in Your Walk),Rebecca Glasscock,,Finale. Bebe Zahara Benet wins S1.,2009-03-23,0,1,3,3,Rebecca Glasscock,BTM,1,1,0,0,8545,"Fort Lauderdale, Florida",1,6,0.166666667,0.166666667,0.333333333,0.166666667,0.333333333,0.5,1,1,2,2,1,3,-2,-2,-0.333333333
3,1,Rebecca Glasscock,9,0,0,0,1,0,1,1,0,0,1,0,0,2,0,1,1,0,0,1,1,9,03/23/2009,Re-United!,Reunion,,9,0,3,26,Fort Lauderdale,Florida,3,,rebeccaglasscoc,9,Guest,,S01,Re-United!,,,,,,,,,,,,,,,,,2009-03-23,1,,,3,Rebecca Glasscock,,,,,,8545,"Fort Lauderdale, Florida",1,6,0.166666667,0.166666667,0.333333333,0.166666667,0.333333333,0.5,1,1,2,2,1,3,-2,-2,-0.333333333
4,1,Ongina,1,0,0,0,0,0,1,0,0,0,1,0,0,3,0,2,1,1,0,0,1,1,02/02/2009,Drag on a Dime,Competition,Sewing,9,0,4,26,Los Angeles,California,5,ongina,ongina,9,HIGH,0,S01,Drag on a Dime,,,,,,Akashia,Victoria (Porkchop) Parker,,,,,RuPaul,Supermodel,Victoria (Porkchop) Parker,,,2009-02-02,0,0,9,5,Ongina,HIGH,0,1,0,0,8041,"Los Angeles, California",1,5,0.4,0.4,0.8,0,0.2,0.2,2,2,4,1,0,1,4,4,0.8
4,1,Ongina,2,0,0,0,1,1,0,1,0,0,1,0,0,3,0,2,1,1,0,0,1,2,02/09/2009,Girl Group Challenge,Competition,Lipsync,9,0,4,26,Los Angeles,California,5,ongina,ongina,9,WIN,0,S01,Girl Group Challenge,,Act out emotions,Ongina,Akashia,,Akashia,Tammie Brown,,,,,Michelle Williams,We Break the Dawn,Tammie Brown,,,2009-02-09,0,0,8,5,Ongina,WIN,0,1,0,0,8041,"Los Angeles, California",1,5,0.4,0.4,0.8,0,0.2,0.2,2,2,4,1,0,1,4,4,0.8
4,1,Ongina,3,0,0,0,0,1,0,1,0,0,1,0,0,3,0,2,1,1,0,0,1,3,02/16/2009,Queens of All Media,Competition,Talk Show,9,0,4,26,Los Angeles,California,5,ongina,ongina,9,HIGH,0,S01,Queens of All Media,,,,,,Akashia,Shannel,,,,,Whitney Houston,The Greatest Love of All,Akashia,,,2009-02-16,0,0,7,5,Ongina,HIGH,0,1,0,0,8041,"Los Angeles, California",1,5,0.4,0.4,0.8,0,0.2,0.2,2,2,4,1,0,1,4,4,0.8
4,1,Ongina,4,1,0,0,0,0,1,0,0,0,1,0,0,3,0,2,1,1,0,0,1,4,02/23/2009,Mac Viva-Glam Challenge,Competition,Commercial,9,0,4,26,Los Angeles,California,5,ongina,ongina,9,WIN,0,S01,Mac Viva-Glam Challenge,,30 Minutes to do partner's makeup,Jade,,,Jade,Rebecca Glasscock,,,,,The Eurythmics,Would I Lie to You?,Jade,,,2009-02-23,0,0,6,5,Ongina,WIN,0,1,0,0,8041,"Los Angeles, California",1,5,0.4,0.4,0.8,0,0.2,0.2,2,2,4,1,0,1,4,4,0.8
4,1,Ongina,5,0,0,0,0,0,1,1,0,0,1,0,0,3,0,2,1,1,0,0,1,5,03/02/2009,Drag School of Charm,Competition,Makeover,9,0,4,26,Los Angeles,California,5,ongina,ongina,9,ELIM,1,S01,Drag School of Charm,,Exercise/endurance challenge,Rebecca Glasscock,,,Bebe Zahara Benet,Ongina,,,,,Britney Spears,Stronger,Ongina,,,2009-03-02,0,0,5,5,Ongina,BTM,1,1,0,0,8041,"Los Angeles, California",1,5,0.4,0.4,0.8,0,0.2,0.2,2,2,4,1,0,1,4,4,0.8
4,1,Ongina,6,0,0,0,1,0,1,1,0,0,1,0,0,3,0,2,1,1,0,0,1,6,03/09/2009,Absolut Drag Ball,Competition,Ball,9,0,4,26,Los Angeles,California,5,ongina,ongina,9,,,S01,Absolut Drag Ball,,Vogue posing challenge,Nina Flowers,,,Rebecca Glasscock,Shannel,,,,,Mary Mary,Praise You,Shannel,,,2009-03-09,0,0,4,5,Ongina,NA,NA,0,NA,0,8041,"Los Angeles, California",1,5,0.4,0.4,0.8,0,0.2,0.2,2,2,4,1,0,1,4,4,0.8
4,1,Ongina,7,0,0,0,0,0,1,1,0,0,1,0,0,3,0,2,1,1,0,0,1,7,03/16/2009,Extra Special Edition,Recap,,9,0,4,26,Los Angeles,California,5,ongina,ongina,9,,,S01,Extra Special Edition,,,,,,,,,,,,,,,,,2009-03-16,1,,,5,Ongina,,,,,,8041,"Los Angeles, California",1,5,0.4,0.4,0.8,0,0.2,0.2,2,2,4,1,0,1,4,4,0.8
4,1,Ongina,8,0,0,0,0,0,1,1,0,0,1,0,0,3,0,2,1,1,0,0,1,8,03/23/2009,Grande Finale,Finale,,9,0,4,26,Los Angeles,California,5,ongina,ongina,9,,,S01,Grande Finale,,,,,,Rebecca Glasscock,,,,,,RuPaul,Cover Girl (Put the Bass in Your Walk),Rebecca Glasscock,,Finale. Bebe Zahara Benet wins S1.,2009-03-23,0,1,3,5,Ongina,NA,NA,0,NA,0,8041,"Los Angeles, California",1,5,0.4,0.4,0.8,0,0.2,0.2,2,2,4,1,0,1,4,4,0.8
4,1,Ongina,9,0,0,0,0,0,1,1,0,0,1,0,0,3,0,2,1,1,0,0,1,9,03/23/2009,Re-United!,Reunion,,9,0,4,26,Los Angeles,California,5,ongina,ongina,9,Guest,,S01,Re-United!,,,,,,,,,,,,,,,,,2009-03-23,1,,,5,Ongina,,,,,,8041,"Los Angeles, California",1,5,0.4,0.4,0.8,0,0.2,0.2,2,2,4,1,0,1,4,4,0.8
5,1,Victoria Porkchop Parker,1,0,0,0,0,1,0,1,0,0,1,0,0,0,2,1,0,0,0,0,0,1,02/02/2009,Drag on a Dime,Competition,Sewing,9,0,5,39,Raleigh,North Carolina,9,porkchopla,PorkChopLA ,9,ELIM,1,S01,Drag on a Dime,,,,,,Akashia,Victoria (Porkchop) Parker,,,,,RuPaul,Supermodel,Victoria (Porkchop) Parker,,,2009-02-02,0,0,9,,,,,,,,,,,,,,,,,,,,,,,,,,
5,1,Victoria Porkchop Parker,2,0,1,0,0,1,0,1,0,0,1,0,0,0,2,1,0,0,0,0,0,2,02/09/2009,Girl Group Challenge,Competition,Lipsync,9,0,5,39,Raleigh,North Carolina,9,porkchopla,PorkChopLA ,9,,,S01,Girl Group Challenge,,Act out emotions,Ongina,Akashia,,Akashia,Tammie Brown,,,,,Michelle Williams,We Break the Dawn,Tammie Brown,,,2009-02-09,0,0,8,,,,,,,,,,,,,,,,,,,,,,,,,,
5,1,Victoria Porkchop Parker,3,0,1,0,1,1,0,1,0,0,1,0,0,0,2,1,0,0,0,0,0,3,02/16/2009,Queens of All Media,Competition,Talk Show,9,0,5,39,Raleigh,North Carolina,9,porkchopla,PorkChopLA ,9,,,S01,Queens of All Media,,,,,,Akashia,Shannel,,,,,Whitney Houston,The Greatest Love of All,Akashia,,,2009-02-16,0,0,7,,,,,,,,,,,,,,,,,,,,,,,,,,
5,1,Victoria Porkchop Parker,4,0,0,0,0,0,1,0,0,0,1,0,0,0,2,1,0,0,0,0,0,4,02/23/2009,Mac Viva-Glam Challenge,Competition,Commercial,9,0,5,39,Raleigh,North Carolina,9,porkchopla,PorkChopLA ,9,,,S01,Mac Viva-Glam Challenge,,30 Minutes to do partner's makeup,Jade,,,Jade,Rebecca Glasscock,,,,,The Eurythmics,Would I Lie to You?,Jade,,,2009-02-23,0,0,6,,,,,,,,,,,,,,,,,,,,,,,,,,
5,1,Victoria Porkchop Parker,5,0,0,0,1,0,1,1,0,0,1,0,0,0,2,1,0,0,0,0,0,5,03/02/2009,Drag School of Charm,Competition,Makeover,9,0,5,39,Raleigh,North Carolina,9,porkchopla,PorkChopLA ,9,,,S01,Drag School of Charm,,Exercise/endurance challenge,Rebecca Glasscock,,,Bebe Zahara Benet,Ongina,,,,,Britney Spears,Stronger,Ongina,,,2009-03-02,0,0,5,,,,,,,,,,,,,,,,,,,,,,,,,,
5,1,Victoria Porkchop Parker,6,0,0,0,1,0,1,1,0,0,1,0,0,0,2,1,0,0,0,0,0,6,03/09/2009,Absolut Drag Ball,Competition,Ball,9,0,5,39,Raleigh,North Carolina,9,porkchopla,PorkChopLA ,9,,,S01,Absolut Drag Ball,,Vogue posing challenge,Nina Flowers,,,Rebecca Glasscock,Shannel,,,,,Mary Mary,Praise You,Shannel,,,2009-03-09,0,0,4,,,,,,,,,,,,,,,,,,,,,,,,,,
5,1,Victoria Porkchop Parker,7,0,0,0,0,0,1,1,0,0,1,0,0,0,2,1,0,0,0,0,0,7,03/16/2009,Extra Special Edition,Recap,,9,0,5,39,Raleigh,North Carolina,9,porkchopla,PorkChopLA ,9,,,S01,Extra Special Edition,,,,,,,,,,,,,,,,,2009-03-16,1,0,,,,,,,,,,,,,,,,,,,,,,,,,,,
5,1,Victoria Porkchop Parker,8,0,0,0,0,0,1,1,0,0,1,0,0,0,2,1,0,0,0,0,0,8,03/23/2009,Grande Finale,Finale,,9,0,5,39,Raleigh,North Carolina,9,porkchopla,PorkChopLA ,9,,,S01,Grande Finale,,,,,,Rebecca Glasscock,,,,,,RuPaul,Cover Girl (Put the Bass in Your Walk),Rebecca Glasscock,,Finale. Bebe Zahara Benet wins S1.,2009-03-23,0,1,3,,,,,,,,,,,,,,,,,,,,,,,,,,
5,1,Victoria Porkchop Parker,9,0,0,0,0,0,1,1,0,0,1,0,0,0,2,1,0,0,0,0,0,9,03/23/2009,Re-United!,Reunion,,9,0,5,39,Raleigh,North Carolina,9,porkchopla,PorkChopLA ,9,Guest,,S01,Re-United!,,,,,,,,,,,,,,,,,2009-03-23,1,0,,,,,,,,,,,,,,,,,,,,,,,,,,,
6,1,Akashia,1,0,0,0,0,1,0,1,0,0,0,0,0,1,0,2,0,0,0,1,1,1,02/02/2009,Drag on a Dime,Competition,Sewing,9,0,6,32,Cleveland,Ohio,7,akashiadrag,DragAkashia,9,BTM2,0,S01,Drag on a Dime,,,,,,Akashia,Victoria (Porkchop) Parker,,,,,RuPaul,Supermodel,Victoria (Porkchop) Parker,,,2009-02-02,0,0,9,7,Akashia,BTM,0,1,0,0,9181,"Cleveland, Ohio",1,3,0,0,0,0,1,1,0,0,0,3,0,3,-6,-6,-2
6,1,Akashia,2,0,0,0,0,1,0,1,0,0,1,0,0,1,0,2,0,0,0,1,1,2,02/09/2009,Girl Group Challenge,Competition,Lipsync,9,0,6,32,Cleveland,Ohio,7,akashiadrag,DragAkashia,9,BTM2,0,S01,Girl Group Challenge,,Act out emotions,Ongina,Akashia,,Akashia,Tammie Brown,,,,,Michelle Williams,We Break the Dawn,Tammie Brown,,,2009-02-09,0,0,8,7,Akashia,BTM,0,1,0,0,9181,"Cleveland, Ohio",1,3,0,0,0,0,1,1,0,0,0,3,0,3,-6,-6,-2
6,1,Akashia,3,0,0,0,0,1,0,1,0,0,0,0,0,1,0,2,0,0,0,1,1,3,02/16/2009,Queens of All Media,Competition,Talk Show,9,0,6,32,Cleveland,Ohio,7,akashiadrag,DragAkashia,9,ELIM,1,S01,Queens of All Media,,,,,,Akashia,Shannel,,,,,Whitney Houston,The Greatest Love of All,Akashia,,,2009-02-16,0,0,7,7,Akashia,BTM,1,1,0,0,9181,"Cleveland, Ohio",1,3,0,0,0,0,1,1,0,0,0,3,0,3,-6,-6,-2
6,1,Akashia,4,0,0,0,1,0,1,0,0,0,1,0,0,1,0,2,0,0,0,1,1,4,02/23/2009,Mac Viva-Glam Challenge,Competition,Commercial,9,0,6,32,Cleveland,Ohio,7,akashiadrag,DragAkashia,9,,,S01,Mac Viva-Glam Challenge,,30 Minutes to do partner's makeup,Jade,,,Jade,Rebecca Glasscock,,,,,The Eurythmics,Would I Lie to You?,Jade,,,2009-02-23,0,0,6,7,Akashia,NA,NA,0,NA,0,9181,"Cleveland, Ohio",1,3,0,0,0,0,1,1,0,0,0,3,0,3,-6,-6,-2
6,1,Akashia,5,1,0,0,1,0,1,0,0,0,1,0,0,1,0,2,0,0,0,1,1,5,03/02/2009,Drag School of Charm,Competition,Makeover,9,0,6,32,Cleveland,Ohio,7,akashiadrag,DragAkashia,9,,,S01,Drag School of Charm,,Exercise/endurance challenge,Rebecca Glasscock,,,Bebe Zahara Benet,Ongina,,,,,Britney Spears,Stronger,Ongina,,,2009-03-02,0,0,5,7,Akashia,NA,NA,0,NA,0,9181,"Cleveland, Ohio",1,3,0,0,0,0,1,1,0,0,0,3,0,3,-6,-6,-2
6,1,Akashia,6,0,0,0,1,0,1,1,0,0,0,0,0,1,0,2,0,0,0,1,1,6,03/09/2009,Absolut Drag Ball,Competition,Ball,9,0,6,32,Cleveland,Ohio,7,akashiadrag,DragAkashia,9,,,S01,Absolut Drag Ball,,Vogue posing challenge,Nina Flowers,,,Rebecca Glasscock,Shannel,,,,,Mary Mary,Praise You,Shannel,,,2009-03-09,0,0,4,7,Akashia,NA,NA,0,NA,0,9181,"Cleveland, Ohio",1,3,0,0,0,0,1,1,0,0,0,3,0,3,-6,-6,-2
6,1,Akashia,7,0,1,0,0,0,1,1,0,0,1,0,0,1,0,2,0,0,0,1,1,7,03/16/2009,Extra Special Edition,Recap,,9,0,6,32,Cleveland,Ohio,7,akashiadrag,DragAkashia,9,,,S01,Extra Special Edition,,,,,,,,,,,,,,,,,2009-03-16,1,,,7,Akashia,,,,,,9181,"Cleveland, Ohio",1,3,0,0,0,0,1,1,0,0,0,3,0,3,-6,-6,-2
6,1,Akashia,8,0,0,0,0,0,1,1,0,0,1,0,0,1,0,2,0,0,0,1,1,8,03/23/2009,Grande Finale,Finale,,9,0,6,32,Cleveland,Ohio,7,akashiadrag,DragAkashia,9,,,S01,Grande Finale,,,,,,Rebecca Glasscock,,,,,,RuPaul,Cover Girl (Put the Bass in Your Walk),Rebecca Glasscock,,Finale. Bebe Zahara Benet wins S1.,2009-03-23,0,1,3,7,Akashia,NA,NA,0,NA,0,9181,"Cleveland, Ohio",1,3,0,0,0,0,1,1,0,0,0,3,0,3,-6,-6,-2
6,1,Akashia,9,0,0,0,1,0,1,1,0,0,1,0,0,1,0,2,0,0,0,1,1,9,03/23/2009,Re-United!,Reunion,,9,0,6,32,Cleveland,Ohio,7,akashiadrag,DragAkashia,9,Guest,,S01,Re-United!,,,,,,,,,,,,,,,,,2009-03-23,1,,,7,Akashia,,,,,,9181,"Cleveland, Ohio",1,3,0,0,0,0,1,1,0,0,0,3,0,3,-6,-6,-2
7,1,Tammie Brown,1,0,0,0,0,1,0,1,0,0,1,0,0,0,0,0,0,0,0,0,0,1,02/02/2009,Drag on a Dime,Competition,Sewing,9,0,7,36,Long Beach,California,8,planettammie,thetammiebrown,9,SAFE,0,S01,Drag on a Dime,,,,,,Akashia,Victoria (Porkchop) Parker,,,,,RuPaul,Supermodel,Victoria (Porkchop) Parker,,,2009-02-02,0,0,9,8,Tammie Brown,SAFE,0,1,0,0,7563,"Los Angeles, California",0,2,0,0,0,0,0.5,0.5,0,0,0,1,0,1,-2,-2,-1
7,1,Tammie Brown,2,0,0,0,0,1,0,1,0,0,1,0,0,0,0,0,0,0,0,0,0,2,02/09/2009,Girl Group Challenge,Competition,Lipsync,9,0,7,36,Long Beach,California,8,planettammie,thetammiebrown,9,ELIM,1,S01,Girl Group Challenge,,Act out emotions,Ongina,Akashia,,Akashia,Tammie Brown,,,,,Michelle Williams,We Break the Dawn,Tammie Brown,,,2009-02-09,0,0,8,8,Tammie Brown,BTM,1,1,0,0,7563,"Los Angeles, California",0,2,0,0,0,0,0.5,0.5,0,0,0,1,0,1,-2,-2,-1
7,1,Tammie Brown,3,0,0,0,1,1,0,1,0,0,1,0,0,0,0,0,0,0,0,0,0,3,02/16/2009,Queens of All Media,Competition,Talk Show,9,0,7,36,Long Beach,California,8,planettammie,thetammiebrown,9,,,S01,Queens of All Media,,,,,,Akashia,Shannel,,,,,Whitney Houston,The Greatest Love of All,Akashia,,,2009-02-16,0,0,7,8,Tammie Brown,NA,NA,0,NA,0,7563,"Los Angeles, California",0,2,0,0,0,0,0.5,0.5,0,0,0,1,0,1,-2,-2,-1
7,1,Tammie Brown,4,1,0,0,0,0,1,1,0,0,1,0,0,0,0,0,0,0,0,0,0,4,02/23/2009,Mac Viva-Glam Challenge,Competition,Commercial,9,0,7,36,Long Beach,California,8,planettammie,thetammiebrown,9,,,S01,Mac Viva-Glam Challenge,,30 Minutes to do partner's makeup,Jade,,,Jade,Rebecca Glasscock,,,,,The Eurythmics,Would I Lie to You?,Jade,,,2009-02-23,0,0,6,8,Tammie Brown,NA,NA,0,NA,0,7563,"Los Angeles, California",0,2,0,0,0,0,0.5,0.5,0,0,0,1,0,1,-2,-2,-1
7,1,Tammie Brown,5,0,1,0,1,0,1,1,1,0,1,1,0,0,0,0,0,0,0,0,0,5,03/02/2009,Drag School of Charm,Competition,Makeover,9,0,7,36,Long Beach,California,8,planettammie,thetammiebrown,9,,,S01,Drag School of Charm,,Exercise/endurance challenge,Rebecca Glasscock,,,Bebe Zahara Benet,Ongina,,,,,Britney Spears,Stronger,Ongina,,,2009-03-02,0,0,5,8,Tammie Brown,NA,NA,0,NA,0,7563,"Los Angeles, California",0,2,0,0,0,0,0.5,0.5,0,0,0,1,0,1,-2,-2,-1
7,1,Tammie Brown,6,0,0,0,0,0,1,1,0,0,0,0,0,0,0,0,0,0,0,0,0,6,03/09/2009,Absolut Drag Ball,Competition,Ball,9,0,7,36,Long Beach,California,8,planettammie,thetammiebrown,9,,,S01,Absolut Drag Ball,,Vogue posing challenge,Nina Flowers,,,Rebecca Glasscock,Shannel,,,,,Mary Mary,Praise You,Shannel,,,2009-03-09,0,0,4,8,Tammie Brown,NA,NA,0,NA,0,7563,"Los Angeles, California",0,2,0,0,0,0,0.5,0.5,0,0,0,1,0,1,-2,-2,-1
7,1,Tammie Brown,7,0,0,0,0,0,1,1,0,0,1,0,0,0,0,0,0,0,0,0,0,7,03/16/2009,Extra Special Edition,Recap,,9,0,7,36,Long Beach,California,8,planettammie,thetammiebrown,9,,,S01,Extra Special Edition,,,,,,,,,,,,,,,,,2009-03-16,1,,,8,Tammie Brown,,,,,,7563,"Los Angeles, California",0,2,0,0,0,0,0.5,0.5,0,0,0,1,0,1,-2,-2,-1
7,1,Tammie Brown,8,0,0,0,0,0,1,1,0,0,1,0,0,0,0,0,0,0,0,0,0,8,03/23/2009,Grande Finale,Finale,,9,0,7,36,Long Beach,California,8,planettammie,thetammiebrown,9,,,S01,Grande Finale,,,,,,Rebecca Glasscock,,,,,,RuPaul,Cover Girl (Put the Bass in Your Walk),Rebecca Glasscock,,Finale. Bebe Zahara Benet wins S1.,2009-03-23,0,1,3,8,Tammie Brown,NA,NA,0,NA,0,7563,"Los Angeles, California",0,2,0,0,0,0,0.5,0.5,0,0,0,1,0,1,-2,-2,-1
7,1,Tammie Brown,9,0,0,0,1,0,1,1,0,0,1,0,0,0,0,0,0,0,0,0,0,9,03/23/2009,Re-United!,Reunion,,9,0,7,36,Long Beach,California,8,planettammie,thetammiebrown,9,Guest,,S01,Re-United!,,,,,,,,,,,,,,,,,2009-03-23,1,,,8,Tammie Brown,,,,,,7563,"Los Angeles, California",0,2,0,0,0,0,0.5,0.5,0,0,0,1,0,1,-2,-2,-1
8,1,Jade,1,0,0,0,0,1,0,1,0,0,1,0,0,2,0,2,1,1,0,0,0,1,02/02/2009,Drag on a Dime,Competition,Sewing,9,0,8,32,Chicago,Illinois,6,jadesotomayor,SotomayorJade,9,SAFE,0,S01,Drag on a Dime,,,,,,Akashia,Victoria (Porkchop) Parker,,,,,RuPaul,Supermodel,Victoria (Porkchop) Parker,,,2009-02-02,0,0,9,6,Jade,SAFE,0,1,0,0,9088,"Chicago, Illinois",1,4,0,0,0,0.25,0.25,0.5,0,0,0,1,1,2,-3,-3,-0.75
8,1,Jade,2,0,0,1,0,1,0,1,0,0,1,1,0,2,0,2,1,1,0,0,0,2,02/09/2009,Girl Group Challenge,Competition,Lipsync,9,0,8,32,Chicago,Illinois,6,jadesotomayor,SotomayorJade,9,SAFE,0,S01,Girl Group Challenge,,Act out emotions,Ongina,Akashia,,Akashia,Tammie Brown,,,,,Michelle Williams,We Break the Dawn,Tammie Brown,,,2009-02-09,0,0,8,6,Jade,SAFE,0,1,0,0,9088,"Chicago, Illinois",1,4,0,0,0,0.25,0.25,0.5,0,0,0,1,1,2,-3,-3,-0.75
8,1,Jade,3,1,1,0,0,0,1,1,0,0,1,0,0,2,0,2,1,1,0,0,0,3,02/16/2009,Queens of All Media,Competition,Talk Show,9,0,8,32,Chicago,Illinois,6,jadesotomayor,SotomayorJade,9,LOW,0,S01,Queens of All Media,,,,,,Akashia,Shannel,,,,,Whitney Houston,The Greatest Love of All,Akashia,,,2009-02-16,0,0,7,6,Jade,LOW,0,1,0,0,9088,"Chicago, Illinois",1,4,0,0,0,0.25,0.25,0.5,0,0,0,1,1,2,-3,-3,-0.75
8,1,Jade,4,1,0,0,0,0,1,0,0,0,1,0,0,2,0,2,1,1,0,0,0,4,02/23/2009,Mac Viva-Glam Challenge,Competition,Commercial,9,0,8,32,Chicago,Illinois,6,jadesotomayor,SotomayorJade,9,ELIM,1,S01,Mac Viva-Glam Challenge,,30 Minutes to do partner's makeup,Jade,,,Jade,Rebecca Glasscock,,,,,The Eurythmics,Would I Lie to You?,Jade,,,2009-02-23,0,0,6,6,Jade,BTM,0,1,1,0,9088,"Chicago, Illinois",1,4,0,0,0,0.25,0.25,0.5,0,0,0,1,1,2,-3,-3,-0.75
8,1,Jade,5,1,0,0,0,0,1,1,0,0,1,0,0,2,0,2,1,1,0,0,0,5,03/02/2009,Drag School of Charm,Competition,Makeover,9,0,8,32,Chicago,Illinois,6,jadesotomayor,SotomayorJade,9,,,S01,Drag School of Charm,,Exercise/endurance challenge,Rebecca Glasscock,,,Bebe Zahara Benet,Ongina,,,,,Britney Spears,Stronger,Ongina,,,2009-03-02,0,0,5,6,Jade,NA,NA,0,NA,0,9088,"Chicago, Illinois",1,4,0,0,0,0.25,0.25,0.5,0,0,0,1,1,2,-3,-3,-0.75
8,1,Jade,6,0,0,0,1,0,1,1,0,0,1,0,0,2,0,2,1,1,0,0,0,6,03/09/2009,Absolut Drag Ball,Competition,Ball,9,0,8,32,Chicago,Illinois,6,jadesotomayor,SotomayorJade,9,,,S01,Absolut Drag Ball,,Vogue posing challenge,Nina Flowers,,,Rebecca Glasscock,Shannel,,,,,Mary Mary,Praise You,Shannel,,,2009-03-09,0,0,4,6,Jade,NA,NA,0,NA,0,9088,"Chicago, Illinois",1,4,0,0,0,0.25,0.25,0.5,0,0,0,1,1,2,-3,-3,-0.75
8,1,Jade,7,0,0,0,0,0,1,1,0,0,1,0,0,2,0,2,1,1,0,0,0,7,03/16/2009,Extra Special Edition,Recap,,9,0,8,32,Chicago,Illinois,6,jadesotomayor,SotomayorJade,9,,,S01,Extra Special Edition,,,,,,,,,,,,,,,,,2009-03-16,1,,,6,Jade,,,,,,9088,"Chicago, Illinois",1,4,0,0,0,0.25,0.25,0.5,0,0,0,1,1,2,-3,-3,-0.75
8,1,Jade,8,0,0,0,0,0,1,1,0,0,1,0,0,2,0,2,1,1,0,0,0,8,03/23/2009,Grande Finale,Finale,,9,0,8,32,Chicago,Illinois,6,jadesotomayor,SotomayorJade,9,,,S01,Grande Finale,,,,,,Rebecca Glasscock,,,,,,RuPaul,Cover Girl (Put the Bass in Your Walk),Rebecca Glasscock,,Finale. Bebe Zahara Benet wins S1.,2009-03-23,0,1,3,6,Jade,NA,NA,0,NA,0,9088,"Chicago, Illinois",1,4,0,0,0,0.25,0.25,0.5,0,0,0,1,1,2,-3,-3,-0.75
8,1,Jade,9,0,0,0,0,0,1,0,1,1,1,0,0,2,0,2,1,1,0,0,0,9,03/23/2009,Re-United!,Reunion,,9,0,8,32,Chicago,Illinois,6,jadesotomayor,SotomayorJade,9,Guest,,S01,Re-United!,,,,,,,,,,,,,,,,,2009-03-23,1,,,6,Jade,,,,,,9088,"Chicago, Illinois",1,4,0,0,0,0.25,0.25,0.5,0,0,0,1,1,2,-3,-3,-0.75
9,1,BeBe Zahara Benet,1,0,0,0,0,1,0,1,0,0,1,0,0,1,0,2,1,0,1,1,1,1,02/02/2009,Drag on a Dime,Competition,Sewing,9,0,9,28,Minneapolis,Minnesota,1,bebezahara,BeBeZaharaBenet,9,SAFE,0,S01,Drag on a Dime,,,,,,Akashia,Victoria (Porkchop) Parker,,,,,RuPaul,Supermodel,Victoria (Porkchop) Parker,,,2009-02-02,0,0,9,1,BeBe Zahara Benet,SAFE,0,1,0,0,7749,"Minneapolis, Minnesota",0,6,0.166666667,0.333333333,0.5,0,0.166666667,0.166666667,1,2,3,1,0,1,3,3,0.5
9,1,BeBe Zahara Benet,2,0,0,0,0,1,0,1,0,0,1,0,0,1,0,2,1,0,1,1,1,2,02/09/2009,Girl Group Challenge,Competition,Lipsync,9,0,9,28,Minneapolis,Minnesota,1,bebezahara,BeBeZaharaBenet,9,SAFE,0,S01,Girl Group Challenge,,Act out emotions,Ongina,Akashia,,Akashia,Tammie Brown,,,,,Michelle Williams,We Break the Dawn,Tammie Brown,,,2009-02-09,0,0,8,1,BeBe Zahara Benet,SAFE,0,1,0,0,7749,"Minneapolis, Minnesota",0,6,0.166666667,0.333333333,0.5,0,0.166666667,0.166666667,1,2,3,1,0,1,3,3,0.5
9,1,BeBe Zahara Benet,3,0,0,0,1,0,1,1,0,0,1,0,0,1,0,2,1,0,1,1,1,3,02/16/2009,Queens of All Media,Competition,Talk Show,9,0,9,28,Minneapolis,Minnesota,1,bebezahara,BeBeZaharaBenet,9,WIN,0,S01,Queens of All Media,,,,,,Akashia,Shannel,,,,,Whitney Houston,The Greatest Love of All,Akashia,,,2009-02-16,0,0,7,1,BeBe Zahara Benet,WIN,0,1,0,0,7749,"Minneapolis, Minnesota",0,6,0.166666667,0.333333333,0.5,0,0.166666667,0.166666667,1,2,3,1,0,1,3,3,0.5
9,1,BeBe Zahara Benet,4,0,0,0,1,0,1,1,0,0,1,0,0,1,0,2,1,0,1,1,1,4,02/23/2009,Mac Viva-Glam Challenge,Competition,Commercial,9,0,9,28,Minneapolis,Minnesota,1,bebezahara,BeBeZaharaBenet,9,HIGH,0,S01,Mac Viva-Glam Challenge,,30 Minutes to do partner's makeup,Jade,,,Jade,Rebecca Glasscock,,,,,The Eurythmics,Would I Lie to You?,Jade,,,2009-02-23,0,0,6,1,BeBe Zahara Benet,HIGH,0,1,0,0,7749,"Minneapolis, Minnesota",0,6,0.166666667,0.333333333,0.5,0,0.166666667,0.166666667,1,2,3,1,0,1,3,3,0.5
9,1,BeBe Zahara Benet,5,0,0,0,1,0,1,1,0,0,1,0,0,1,0,2,1,0,1,1,1,5,03/02/2009,Drag School of Charm,Competition,Makeover,9,0,9,28,Minneapolis,Minnesota,1,bebezahara,BeBeZaharaBenet,9,BTM2,0,S01,Drag School of Charm,,Exercise/endurance challenge,Rebecca Glasscock,,,Bebe Zahara Benet,Ongina,,,,,Britney Spears,Stronger,Ongina,,,2009-03-02,0,0,5,1,BeBe Zahara Benet,BTM,0,1,0,0,7749,"Minneapolis, Minnesota",0,6,0.166666667,0.333333333,0.5,0,0.166666667,0.166666667,1,2,3,1,0,1,3,3,0.5
9,1,BeBe Zahara Benet,6,0,0,0,1,0,1,1,0,0,1,0,0,1,0,2,1,0,1,1,1,6,03/09/2009,Absolut Drag Ball,Competition,Ball,9,0,9,28,Minneapolis,Minnesota,1,bebezahara,BeBeZaharaBenet,9,WIN,0,S01,Absolut Drag Ball,,Vogue posing challenge,Nina Flowers,,,Rebecca Glasscock,Shannel,,,,,Mary Mary,Praise You,Shannel,,,2009-03-09,0,0,4,1,BeBe Zahara Benet,WIN,0,1,0,0,7749,"Minneapolis, Minnesota",0,6,0.166666667,0.333333333,0.5,0,0.166666667,0.166666667,1,2,3,1,0,1,3,3,0.5
9,1,BeBe Zahara Benet,7,0,0,0,1,0,1,1,0,0,1,0,0,1,0,2,1,0,1,1,1,7,03/16/2009,Extra Special Edition,Recap,,9,0,9,28,Minneapolis,Minnesota,1,bebezahara,BeBeZaharaBenet,9,,,S01,Extra Special Edition,,,,,,,,,,,,,,,,,2009-03-16,1,,,1,BeBe Zahara Benet,,,,,,7749,"Minneapolis, Minnesota",0,6,0.166666667,0.333333333,0.5,0,0.166666667,0.166666667,1,2,3,1,0,1,3,3,0.5
9,1,BeBe Zahara Benet,8,1,1,0,0,0,1,1,0,0,1,0,0,1,0,2,1,0,1,1,1,8,03/23/2009,Grande Finale,Finale,,9,0,9,28,Minneapolis,Minnesota,1,bebezahara,BeBeZaharaBenet,9,Winner,0,S01,Grande Finale,,,,,,Rebecca Glasscock,,,,,,RuPaul,Cover Girl (Put the Bass in Your Walk),Rebecca Glasscock,,Finale. Bebe Zahara Benet wins S1.,2009-03-23,0,1,3,1,BeBe Zahara Benet,WIN,0,1,0,0,7749,"Minneapolis, Minnesota",0,6,0.166666667,0.333333333,0.5,0,0.166666667,0.166666667,1,2,3,1,0,1,3,3,0.5
9,1,BeBe Zahara Benet,9,0,0,0,0,0,1,0,0,1,1,0,0,1,0,2,1,0,1,1,1,9,03/23/2009,Re-United!,Reunion,,9,0,9,28,Minneapolis,Minnesota,1,bebezahara,BeBeZaharaBenet,9,Guest,,S01,Re-United!,,,,,,,,,,,,,,,,,2009-03-23,1,,,1,BeBe Zahara Benet,,,,,,7749,"Minneapolis, Minnesota",0,6,0.166666667,0.333333333,0.5,0,0.166666667,0.166666667,1,2,3,1,0,1,3,3,0.5
10,2,Nicole Paige Brooks,1,0,0,0,0,0,1,0,0,1,1,0,0,0,0,3,0,0,0,0,1,1,02/01/2010,Gone with the Windows,Competition,Sewing,12,9,1,36,Atlanta,Georgia,11,nicolepaigebrooks,nicolepbrooks,12,SAFE,0,S02,Gone with the Windows,Curtain Couture,Gone with the Wind photo shoot,Raven,,,Sahara Davenport,Shangela,,,,,RuPaul,Cover Girl (Put the Bass in Your Walk),Shangela,,,2010-02-01,0,0,12,11,Nicole Paige Brooks,SAFE,0,1,0,0,4573,"Atlanta, Georgia",0,2,0,0,0,0,0.5,0.5,0,0,0,1,0,1,-2,-2,-1
10,2,Nicole Paige Brooks,2,0,0,0,0,0,1,0,0,0,1,0,0,0,0,3,0,0,0,0,1,2,02/08/2010,Starbootylicious,Competition,Dancing,12,9,1,36,Atlanta,Georgia,11,nicolepaigebrooks,nicolepbrooks,12,ELIM,1,S02,Starbootylicious,High-Class Drag,Turn RuPaul doll from lady to a tramp,Sahara Davenport,Pandora Boxx,,Raven,Nicole Paige Brooks,,,,,En Vogue,My Lovin' (You're Never Gonna Get It),Nicole Paige Brooks,,,2010-02-08,0,0,11,11,Nicole Paige Brooks,BTM,1,1,0,0,4573,"Atlanta, Georgia",0,2,0,0,0,0,0.5,0.5,0,0,0,1,0,1,-2,-2,-1
10,2,Nicole Paige Brooks,3,0,0,0,0,0,1,0,1,0,1,0,0,0,0,3,0,0,0,0,1,3,02/15/2010,Country Queens,Competition,Acting,12,9,1,36,Atlanta,Georgia,11,nicolepaigebrooks,nicolepbrooks,12,,,S02,Country Queens,Denim and Diamond Couture,"""Chicken or what?"" eating contest",Mystique Summers Madison,Morgan McMichaels,,Mystique Summers Madison,Raven,,,,,Wynonna Judd,I Hear You Knockin',Mystique Summers Madison,,,2010-02-15,0,0,10,11,Nicole Paige Brooks,NA,NA,0,NA,0,4573,"Atlanta, Georgia",0,2,0,0,0,0,0.5,0.5,0,0,0,1,0,1,-2,-2,-1
10,2,Nicole Paige Brooks,4,0,0,0,1,0,1,0,1,1,1,0,0,0,0,3,0,0,0,0,1,4,02/22/2010,The Snatch Game,Competition,Snatch Game,12,9,1,36,Atlanta,Georgia,11,nicolepaigebrooks,nicolepbrooks,12,,,S02,The Snatch Game,Personal Style,The Queen is Right,Raven,,,Sonique,Morgan McMichaels,,,,,Stacey Q,Two of Hearts,Sonique,,Debut of the snatch game,2010-02-22,0,0,9,11,Nicole Paige Brooks,NA,NA,0,NA,0,4573,"Atlanta, Georgia",0,2,0,0,0,0,0.5,0.5,0,0,0,1,0,1,-2,-2,-1
10,2,Nicole Paige Brooks,5,1,0,1,1,0,1,0,1,1,1,1,0,0,0,3,0,0,0,0,1,5,03/01/2010,Here Comes the Bride,Competition,Sewing,12,9,1,36,Atlanta,Georgia,11,nicolepaigebrooks,nicolepbrooks,12,,,S02,Here Comes the Bride,,Decorate a box in your drag style,Raven,,,Morgan McMichaels,Sahara Davenport,,,,,Martha Wash,Carry On,Morgan McMichaels,,,2010-03-01,0,0,8,11,Nicole Paige Brooks,NA,NA,0,NA,0,4573,"Atlanta, Georgia",0,2,0,0,0,0,0.5,0.5,0,0,0,1,0,1,-2,-2,-1
10,2,Nicole Paige Brooks,6,0,0,1,0,0,1,0,0,0,1,1,0,0,0,3,0,0,0,0,1,6,03/08/2010,Rocker Chicks,Competition,Singing,12,9,1,36,Atlanta,Georgia,11,nicolepaigebrooks,nicolepbrooks,12,,,S02,Rocker Chicks,,Give a wig a glam rock makeover,Pandora Boxx,,,Jujubee,Sahara Davenport,,,,,Alannah Myles,Black Velvet,Sahara Davenport,,,2010-03-08,0,0,7,11,Nicole Paige Brooks,NA,NA,0,NA,0,4573,"Atlanta, Georgia",0,2,0,0,0,0,0.5,0.5,0,0,0,1,0,1,-2,-2,-1
11,2,Shangela Laquifa Wadley,1,0,0,0,1,0,1,0,1,1,1,0,0,4,0,3,0,1,0,0,0,1,02/01/2010,Gone with the Windows,Competition,Sewing,12,9,2,28,Los Angeles,California,12,itsshangela,itsSHANGELA,12,ELIM,1,S02,Gone with the Windows,Curtain Couture,Gone with the Wind photo shoot,Raven,,,Sahara Davenport,Shangela,,,,,RuPaul,Cover Girl (Put the Bass in Your Walk),Shangela,,,2010-02-01,0,0,12,,,,,,,,,,,,,,,,,,,,,,,,,,
11,2,Shangela Laquifa Wadley,2,0,0,0,0,0,1,0,0,0,1,0,0,4,0,3,0,1,0,0,0,2,02/08/2010,Starbootylicious,Competition,Dancing,12,9,2,28,Los Angeles,California,12,itsshangela,itsSHANGELA,12,,,S02,Starbootylicious,High-Class Drag,Turn RuPaul doll from lady to a tramp,Sahara Davenport,Pandora Boxx,,Raven,Nicole Paige Brooks,,,,,En Vogue,My Lovin' (You're Never Gonna Get It),Nicole Paige Brooks,,,2010-02-08,0,0,11,,,,,,,,,,,,,,,,,,,,,,,,,,
11,2,Shangela Laquifa Wadley,3,0,1,0,0,0,1,0,0,1,1,0,0,4,0,3,0,1,0,0,0,3,02/15/2010,Country Queens,Competition,Acting,12,9,2,28,Los Angeles,California,12,itsshangela,itsSHANGELA,12,,,S02,Country Queens,Denim and Diamond Couture,"""Chicken or what?"" eating contest",Mystique Summers Madison,Morgan McMichaels,,Mystique Summers Madison,Raven,,,,,Wynonna Judd,I Hear You Knockin',Mystique Summers Madison,,,2010-02-15,0,0,10,,,,,,,,,,,,,,,,,,,,,,,,,,
11,2,Shangela Laquifa Wadley,4,0,0,0,1,0,1,0,1,1,1,0,0,4,0,3,0,1,0,0,0,4,02/22/2010,The Snatch Game,Competition,Snatch Game,12,9,2,28,Los Angeles,California,12,itsshangela,itsSHANGELA,12,,,S02,The Snatch Game,Personal Style,The Queen is Right,Raven,,,Sonique,Morgan McMichaels,,,,,Stacey Q,Two of Hearts,Sonique,,Debut of the snatch game,2010-02-22,0,0,9,,,,,,,,,,,,,,,,,,,,,,,,,,
11,2,Shangela Laquifa Wadley,5,0,0,0,1,0,1,0,1,1,1,0,0,4,0,3,0,1,0,0,0,5,03/01/2010,Here Comes the Bride,Competition,Sewing,12,9,2,28,Los Angeles,California,12,itsshangela,itsSHANGELA,12,,,S02,Here Comes the Bride,,Decorate a box in your drag style,Raven,,,Morgan McMichaels,Sahara Davenport,,,,,Martha Wash,Carry On,Morgan McMichaels,,,2010-03-01,0,0,8,,,,,,,,,,,,,,,,,,,,,,,,,,
11,2,Shangela Laquifa Wadley,6,0,0,0,0,0,1,0,1,0,1,0,0,4,0,3,0,1,0,0,0,6,03/08/2010,Rocker Chicks,Competition,Singing,12,9,2,28,Los Angeles,California,12,itsshangela,itsSHANGELA,12,,,S02,Rocker Chicks,,Give a wig a glam rock makeover,Pandora Boxx,,,Jujubee,Sahara Davenport,,,,,Alannah Myles,Black Velvet,Sahara Davenport,,,2010-03-08,0,0,7,,,,,,,,,,,,,,,,,,,,,,,,,,
12,2,Raven,1,0,0,0,1,0,1,0,1,0,1,0,0,0,0,2,1,0,1,1,0,1,02/01/2010,Gone with the Windows,Competition,Sewing,12,9,3,30,Riverside,California,2,itsravenhunty_,RavenHUNTY,12,SAFE,0,S02,Gone with the Windows,Curtain Couture,Gone with the Wind photo shoot,Raven,,,Sahara Davenport,Shangela,,,,,RuPaul,Cover Girl (Put the Bass in Your Walk),Shangela,,,2010-02-01,0,0,12,2,Raven,SAFE,0,1,1,0,7037,"Riverside, California",3,9,0.333333333,0.222222222,0.555555556,0,0.222222222,0.222222222,3,2,5,2,0,2,3,3,0.333333333
12,2,Raven,2,0,0,0,0,0,1,0,0,0,1,0,0,0,0,2,1,0,1,1,0,2,02/08/2010,Starbootylicious,Competition,Dancing,12,9,3,30,Riverside,California,2,itsravenhunty_,RavenHUNTY,12,BTM2,0,S02,Starbootylicious,High-Class Drag,Turn RuPaul doll from lady to a tramp,Sahara Davenport,Pandora Boxx,,Raven,Nicole Paige Brooks,,,,,En Vogue,My Lovin' (You're Never Gonna Get It),Nicole Paige Brooks,,,2010-02-08,0,0,11,2,Raven,BTM,0,1,0,0,7037,"Riverside, California",3,9,0.333333333,0.222222222,0.555555556,0,0.222222222,0.222222222,3,2,5,2,0,2,3,3,0.333333333
12,2,Raven,3,0,0,0,1,0,1,0,1,0,1,0,0,0,0,2,1,0,1,1,0,3,02/15/2010,Country Queens,Competition,Acting,12,9,3,30,Riverside,California,2,itsravenhunty_,RavenHUNTY,12,BTM2,0,S02,Country Queens,Denim and Diamond Couture,"""Chicken or what?"" eating contest",Mystique Summers Madison,Morgan McMichaels,,Mystique Summers Madison,Raven,,,,,Wynonna Judd,I Hear You Knockin',Mystique Summers Madison,,,2010-02-15,0,0,10,2,Raven,BTM,0,1,0,0,7037,"Riverside, California",3,9,0.333333333,0.222222222,0.555555556,0,0.222222222,0.222222222,3,2,5,2,0,2,3,3,0.333333333
12,2,Raven,4,0,0,0,0,0,1,0,1,1,1,0,0,0,0,2,1,0,1,1,0,4,02/22/2010,The Snatch Game,Competition,Snatch Game,12,9,3,30,Riverside,California,2,itsravenhunty_,RavenHUNTY,12,SAFE,0,S02,The Snatch Game,Personal Style,The Queen is Right,Raven,,,Sonique,Morgan McMichaels,,,,,Stacey Q,Two of Hearts,Sonique,,Debut of the snatch game,2010-02-22,0,0,9,2,Raven,SAFE,0,1,1,0,7037,"Riverside, California",3,9,0.333333333,0.222222222,0.555555556,0,0.222222222,0.222222222,3,2,5,2,0,2,3,3,0.333333333
12,2,Raven,5,0,1,1,1,0,1,0,1,1,1,1,0,0,0,2,1,0,1,1,0,5,03/01/2010,Here Comes the Bride,Competition,Sewing,12,9,3,30,Riverside,California,2,itsravenhunty_,RavenHUNTY,12,HIGH,0,S02,Here Comes the Bride,,Decorate a box in your drag style,Raven,,,Morgan McMichaels,Sahara Davenport,,,,,Martha Wash,Carry On,Morgan McMichaels,,,2010-03-01,0,0,8,2,Raven,HIGH,0,1,1,0,7037,"Riverside, California",3,9,0.333333333,0.222222222,0.555555556,0,0.222222222,0.222222222,3,2,5,2,0,2,3,3,0.333333333
12,2,Raven,6,0,1,0,0,0,1,0,1,1,1,0,0,0,0,2,1,0,1,1,0,6,03/08/2010,Rocker Chicks,Competition,Singing,12,9,3,30,Riverside,California,2,itsravenhunty_,RavenHUNTY,12,HIGH,0,S02,Rocker Chicks,,Give a wig a glam rock makeover,Pandora Boxx,,,Jujubee,Sahara Davenport,,,,,Alannah Myles,Black Velvet,Sahara Davenport,,,2010-03-08,0,0,7,2,Raven,HIGH,0,1,0,0,7037,"Riverside, California",3,9,0.333333333,0.222222222,0.555555556,0,0.222222222,0.222222222,3,2,5,2,0,2,3,3,0.333333333
13,2,Jujubee,1,0,0,0,0,1,1,0,1,0,1,0,0,3,0,0,0,0,0,1,1,1,02/01/2010,Gone with the Windows,Competition,Sewing,12,9,4,25,Boston,Massachusetts,3,jujubeeonline,jujuboston,12,SAFE,0,S02,Gone with the Windows,Curtain Couture,Gone with the Wind photo shoot,Raven,,,Sahara Davenport,Shangela,,,,,RuPaul,Cover Girl (Put the Bass in Your Walk),Shangela,,,2010-02-01,0,0,12,3,Jujubee,SAFE,0,1,0,0,8938,"Boston, Massachusetts",1,9,0.222222222,0,0.222222222,0.111111111,0.333333333,0.444444444,2,0,2,3,1,4,-5,-5,-0.555555556
13,2,Jujubee,2,0,0,0,0,0,1,0,0,1,0,0,0,3,0,0,0,0,0,1,1,2,02/08/2010,Starbootylicious,Competition,Dancing,12,9,4,25,Boston,Massachusetts,3,jujubeeonline,jujuboston,12,HIGH,0,S02,Starbootylicious,High-Class Drag,Turn RuPaul doll from lady to a tramp,Sahara Davenport,Pandora Boxx,,Raven,Nicole Paige Brooks,,,,,En Vogue,My Lovin' (You're Never Gonna Get It),Nicole Paige Brooks,,,2010-02-08,0,0,11,3,Jujubee,SAFE,0,1,0,0,8938,"Boston, Massachusetts",1,9,0.222222222,0,0.222222222,0.111111111,0.333333333,0.444444444,2,0,2,3,1,4,-5,-5,-0.555555556
13,2,Jujubee,3,0,0,0,0,0,1,0,0,1,0,0,0,3,0,0,0,0,0,1,1,3,02/15/2010,Country Queens,Competition,Acting,12,9,4,25,Boston,Massachusetts,3,jujubeeonline,jujuboston,12,SAFE,0,S02,Country Queens,Denim and Diamond Couture,"""Chicken or what?"" eating contest",Mystique Summers Madison,Morgan McMichaels,,Mystique Summers Madison,Raven,,,,,Wynonna Judd,I Hear You Knockin',Mystique Summers Madison,,,2010-02-15,0,0,10,3,Jujubee,SAFE,0,1,0,0,8938,"Boston, Massachusetts",1,9,0.222222222,0,0.222222222,0.111111111,0.333333333,0.444444444,2,0,2,3,1,4,-5,-5,-0.555555556
13,2,Jujubee,4,0,0,0,0,0,1,0,1,0,1,0,0,3,0,0,0,0,0,1,1,4,02/22/2010,The Snatch Game,Competition,Snatch Game,12,9,4,25,Boston,Massachusetts,3,jujubeeonline,jujuboston,12,LOW,0,S02,The Snatch Game,Personal Style,The Queen is Right,Raven,,,Sonique,Morgan McMichaels,,,,,Stacey Q,Two of Hearts,Sonique,,Debut of the snatch game,2010-02-22,0,0,9,3,Jujubee,LOW,0,1,0,0,8938,"Boston, Massachusetts",1,9,0.222222222,0,0.222222222,0.111111111,0.333333333,0.444444444,2,0,2,3,1,4,-5,-5,-0.555555556
13,2,Jujubee,5,0,0,1,1,0,1,0,1,1,1,1,0,3,0,0,0,0,0,1,1,5,03/01/2010,Here Comes the Bride,Competition,Sewing,12,9,4,25,Boston,Massachusetts,3,jujubeeonline,jujuboston,12,HIGH,0,S02,Here Comes the Bride,,Decorate a box in your drag style,Raven,,,Morgan McMichaels,Sahara Davenport,,,,,Martha Wash,Carry On,Morgan McMichaels,,,2010-03-01,0,0,8,3,Jujubee,HIGH,0,1,0,0,8938,"Boston, Massachusetts",1,9,0.222222222,0,0.222222222,0.111111111,0.333333333,0.444444444,2,0,2,3,1,4,-5,-5,-0.555555556
13,2,Jujubee,6,1,0,0,1,0,1,0,1,1,1,0,0,3,0,0,0,0,0,1,1,6,03/08/2010,Rocker Chicks,Competition,Singing,12,9,4,25,Boston,Massachusetts,3,jujubeeonline,jujuboston,12,BTM2,0,S02,Rocker Chicks,,Give a wig a glam rock makeover,Pandora Boxx,,,Jujubee,Sahara Davenport,,,,,Alannah Myles,Black Velvet,Sahara Davenport,,,2010-03-08,0,0,7,3,Jujubee,BTM,0,1,0,0,8938,"Boston, Massachusetts",1,9,0.222222222,0,0.222222222,0.111111111,0.333333333,0.444444444,2,0,2,3,1,4,-5,-5,-0.555555556
14,2,Sahara Davenport,1,0,0,0,0,0,1,0,1,0,1,0,0,1,0,1,0,0,0,1,0,1,02/01/2010,Gone with the Windows,Competition,Sewing,12,9,5,25,New York,New York,7,,,12,BTM2,0,S02,Gone with the Windows,Curtain Couture,Gone with the Wind photo shoot,Raven,,,Sahara Davenport,Shangela,,,,,RuPaul,Cover Girl (Put the Bass in Your Walk),Shangela,,,2010-02-01,0,0,12,7,Sahara Davenport,BTM,0,1,0,0,9117,"New York, New York",1,6,0,0.166666667,0.166666667,0,0.5,0.5,0,1,1,3,0,3,-4,-4,-0.666666667
14,2,Sahara Davenport,2,0,0,0,1,0,1,0,0,1,1,0,0,1,0,1,0,0,0,1,0,2,02/08/2010,Starbootylicious,Competition,Dancing,12,9,5,25,New York,New York,7,,,12,WIN,0,S02,Starbootylicious,High-Class Drag,Turn RuPaul doll from lady to a tramp,Sahara Davenport,Pandora Boxx,,Raven,Nicole Paige Brooks,,,,,En Vogue,My Lovin' (You're Never Gonna Get It),Nicole Paige Brooks,,,2010-02-08,0,0,11,7,Sahara Davenport,WIN,0,1,0,0,9117,"New York, New York",1,6,0,0.166666667,0.166666667,0,0.5,0.5,0,1,1,3,0,3,-4,-4,-0.666666667
14,2,Sahara Davenport,3,0,0,0,0,0,1,0,1,0,1,0,0,1,0,1,0,0,0,1,0,3,02/15/2010,Country Queens,Competition,Acting,12,9,5,25,New York,New York,7,,,12,SAFE,0,S02,Country Queens,Denim and Diamond Couture,"""Chicken or what?"" eating contest",Mystique Summers Madison,Morgan McMichaels,,Mystique Summers Madison,Raven,,,,,Wynonna Judd,I Hear You Knockin',Mystique Summers Madison,,,2010-02-15,0,0,10,7,Sahara Davenport,SAFE,0,1,0,0,9117,"New York, New York",1,6,0,0.166666667,0.166666667,0,0.5,0.5,0,1,1,3,0,3,-4,-4,-0.666666667
14,2,Sahara Davenport,4,0,0,0,0,0,1,0,0,1,1,0,0,1,0,1,0,0,0,1,0,4,02/22/2010,The Snatch Game,Competition,Snatch Game,12,9,5,25,New York,New York,7,,,12,SAFE,0,S02,The Snatch Game,Personal Style,The Queen is Right,Raven,,,Sonique,Morgan McMichaels,,,,,Stacey Q,Two of Hearts,Sonique,,Debut of the snatch game,2010-02-22,0,0,9,7,Sahara Davenport,SAFE,0,1,0,0,9117,"New York, New York",1,6,0,0.166666667,0.166666667,0,0.5,0.5,0,1,1,3,0,3,-4,-4,-0.666666667
14,2,Sahara Davenport,5,0,0,0,0,0,1,0,1,1,1,0,0,1,0,1,0,0,0,1,0,5,03/01/2010,Here Comes the Bride,Competition,Sewing,12,9,5,25,New York,New York,7,,,12,BTM2,0,S02,Here Comes the Bride,,Decorate a box in your drag style,Raven,,,Morgan McMichaels,Sahara Davenport,,,,,Martha Wash,Carry On,Morgan McMichaels,,,2010-03-01,0,0,8,7,Sahara Davenport,BTM,0,1,0,0,9117,"New York, New York",1,6,0,0.166666667,0.166666667,0,0.5,0.5,0,1,1,3,0,3,-4,-4,-0.666666667
14,2,Sahara Davenport,6,0,0,0,1,0,1,0,1,1,1,0,0,1,0,1,0,0,0,1,0,6,03/08/2010,Rocker Chicks,Competition,Singing,12,9,5,25,New York,New York,7,,,12,ELIM,1,S02,Rocker Chicks,,Give a wig a glam rock makeover,Pandora Boxx,,,Jujubee,Sahara Davenport,,,,,Alannah Myles,Black Velvet,Sahara Davenport,,,2010-03-08,0,0,7,7,Sahara Davenport,BTM,1,1,0,0,9117,"New York, New York",1,6,0,0.166666667,0.166666667,0,0.5,0.5,0,1,1,3,0,3,-4,-4,-0.666666667
15,2,Morgan McMichaels,1,0,0,0,0,0,1,0,1,0,1,0,0,0,0,3,1,1,0,1,0,1,02/01/2010,Gone with the Windows,Competition,Sewing,12,9,6,28,Mira Loma,California,8,morganmcmichaels,morganmcmichael,12,WIN,0,S02,Gone with the Windows,Curtain Couture,Gone with the Wind photo shoot,Raven,,,Sahara Davenport,Shangela,,,,,RuPaul,Cover Girl (Put the Bass in Your Walk),Shangela,,,2010-02-01,0,0,12,8,Morgan McMichaels,WIN,0,1,0,0,7818,"Mira Loma, California",1,5,0,0.2,0.2,0,0.4,0.4,0,1,1,2,0,2,-2,-2,-0.4
15,2,Morgan McMichaels,2,1,0,0,0,0,1,0,1,0,1,0,0,0,0,3,1,1,0,1,0,2,02/08/2010,Starbootylicious,Competition,Dancing,12,9,6,28,Mira Loma,California,8,morganmcmichaels,morganmcmichael,12,SAFE,0,S02,Starbootylicious,High-Class Drag,Turn RuPaul doll from lady to a tramp,Sahara Davenport,Pandora Boxx,,Raven,Nicole Paige Brooks,,,,,En Vogue,My Lovin' (You're Never Gonna Get It),Nicole Paige Brooks,,,2010-02-08,0,0,11,8,Morgan McMichaels,SAFE,0,1,0,0,7818,"Mira Loma, California",1,5,0,0.2,0.2,0,0.4,0.4,0,1,1,2,0,2,-2,-2,-0.4
15,2,Morgan McMichaels,3,0,0,0,1,0,1,0,0,1,1,0,0,0,0,3,1,1,0,1,0,3,02/15/2010,Country Queens,Competition,Acting,12,9,6,28,Mira Loma,California,8,morganmcmichaels,morganmcmichael,12,SAFE,0,S02,Country Queens,Denim and Diamond Couture,"""Chicken or what?"" eating contest",Mystique Summers Madison,Morgan McMichaels,,Mystique Summers Madison,Raven,,,,,Wynonna Judd,I Hear You Knockin',Mystique Summers Madison,,,2010-02-15,0,0,10,8,Morgan McMichaels,SAFE,0,1,0,0,7818,"Mira Loma, California",1,5,0,0.2,0.2,0,0.4,0.4,0,1,1,2,0,2,-2,-2,-0.4
15,2,Morgan McMichaels,4,0,0,0,0,0,1,0,1,0,1,0,0,0,0,3,1,1,0,1,0,4,02/22/2010,The Snatch Game,Competition,Snatch Game,12,9,6,28,Mira Loma,California,8,morganmcmichaels,morganmcmichael,12,BTM2,0,S02,The Snatch Game,Personal Style,The Queen is Right,Raven,,,Sonique,Morgan McMichaels,,,,,Stacey Q,Two of Hearts,Sonique,,Debut of the snatch game,2010-02-22,0,0,9,8,Morgan McMichaels,BTM,0,1,0,0,7818,"Mira Loma, California",1,5,0,0.2,0.2,0,0.4,0.4,0,1,1,2,0,2,-2,-2,-0.4
15,2,Morgan McMichaels,5,0,0,0,0,0,1,0,1,0,1,0,0,0,0,3,1,1,0,1,0,5,03/01/2010,Here Comes the Bride,Competition,Sewing,12,9,6,28,Mira Loma,California,8,morganmcmichaels,morganmcmichael,12,ELIM,1,S02,Here Comes the Bride,,Decorate a box in your drag style,Raven,,,Morgan McMichaels,Sahara Davenport,,,,,Martha Wash,Carry On,Morgan McMichaels,,,2010-03-01,0,0,8,8,Morgan McMichaels,BTM,1,1,0,0,7818,"Mira Loma, California",1,5,0,0.2,0.2,0,0.4,0.4,0,1,1,2,0,2,-2,-2,-0.4
15,2,Morgan McMichaels,6,1,0,1,0,0,1,0,1,1,1,1,0,0,0,3,1,1,0,1,0,6,03/08/2010,Rocker Chicks,Competition,Singing,12,9,6,28,Mira Loma,California,8,morganmcmichaels,morganmcmichael,12,,,S02,Rocker Chicks,,Give a wig a glam rock makeover,Pandora Boxx,,,Jujubee,Sahara Davenport,,,,,Alannah Myles,Black Velvet,Sahara Davenport,,,2010-03-08,0,0,7,8,Morgan McMichaels,NA,NA,0,NA,0,7818,"Mira Loma, California",1,5,0,0.2,0.2,0,0.4,0.4,0,1,1,2,0,2,-2,-2,-0.4
16,2,Mystique Summers Madison,1,0,0,0,0,0,1,0,0,1,1,0,0,1,2,3,0,0,0,0,0,1,02/01/2010,Gone with the Windows,Competition,Sewing,12,9,7,25,Bedford,Texas,10,mystiquesummers,MystiqueSummers,12,LOW,0,S02,Gone with the Windows,Curtain Couture,Gone with the Wind photo shoot,Raven,,,Sahara Davenport,Shangela,,,,,RuPaul,Cover Girl (Put the Bass in Your Walk),Shangela,,,2010-02-01,0,0,12,10,Mystique Summers Madison,LOW,0,1,0,0,8853,"Chicago, Illinois",1,3,0,0,0,0.333333333,0.333333333,0.666666667,0,0,0,1,1,2,-3,-3,-1
16,2,Mystique Summers Madison,2,0,0,0,0,0,1,0,0,1,1,0,0,1,2,3,0,0,0,0,0,2,02/08/2010,Starbootylicious,Competition,Dancing,12,9,7,25,Bedford,Texas,10,mystiquesummers,MystiqueSummers,12,HIGH,0,S02,Starbootylicious,High-Class Drag,Turn RuPaul doll from lady to a tramp,Sahara Davenport,Pandora Boxx,,Raven,Nicole Paige Brooks,,,,,En Vogue,My Lovin' (You're Never Gonna Get It),Nicole Paige Brooks,,,2010-02-08,0,0,11,10,Mystique Summers Madison,SAFE,0,1,0,0,8853,"Chicago, Illinois",1,3,0,0,0,0.333333333,0.333333333,0.666666667,0,0,0,1,1,2,-3,-3,-1
16,2,Mystique Summers Madison,3,0,0,0,1,0,1,0,1,0,1,0,0,1,2,3,0,0,0,0,0,3,02/15/2010,Country Queens,Competition,Acting,12,9,7,25,Bedford,Texas,10,mystiquesummers,MystiqueSummers,12,ELIM,1,S02,Country Queens,Denim and Diamond Couture,"""Chicken or what?"" eating contest",Mystique Summers Madison,Morgan McMichaels,,Mystique Summers Madison,Raven,,,,,Wynonna Judd,I Hear You Knockin',Mystique Summers Madison,,,2010-02-15,0,0,10,10,Mystique Summers Madison,BTM,0,1,0,0,8853,"Chicago, Illinois",1,3,0,0,0,0.333333333,0.333333333,0.666666667,0,0,0,1,1,2,-3,-3,-1
16,2,Mystique Summers Madison,4,0,0,0,0,0,1,0,1,0,1,0,0,1,2,3,0,0,0,0,0,4,02/22/2010,The Snatch Game,Competition,Snatch Game,12,9,7,25,Bedford,Texas,10,mystiquesummers,MystiqueSummers,12,,,S02,The Snatch Game,Personal Style,The Queen is Right,Raven,,,Sonique,Morgan McMichaels,,,,,Stacey Q,Two of Hearts,Sonique,,Debut of the snatch game,2010-02-22,0,0,9,10,Mystique Summers Madison,NA,NA,0,NA,0,8853,"Chicago, Illinois",1,3,0,0,0,0.333333333,0.333333333,0.666666667,0,0,0,1,1,2,-3,-3,-1
16,2,Mystique Summers Madison,5,0,0,0,1,0,1,0,1,0,1,0,0,1,2,3,0,0,0,0,0,5,03/01/2010,Here Comes the Bride,Competition,Sewing,12,9,7,25,Bedford,Texas,10,mystiquesummers,MystiqueSummers,12,,,S02,Here Comes the Bride,,Decorate a box in your drag style,Raven,,,Morgan McMichaels,Sahara Davenport,,,,,Martha Wash,Carry On,Morgan McMichaels,,,2010-03-01,0,0,8,10,Mystique Summers Madison,NA,NA,0,NA,0,8853,"Chicago, Illinois",1,3,0,0,0,0.333333333,0.333333333,0.666666667,0,0,0,1,1,2,-3,-3,-1
16,2,Mystique Summers Madison,6,0,1,1,1,0,1,0,1,1,1,0,0,1,2,3,0,0,0,0,0,6,03/08/2010,Rocker Chicks,Competition,Singing,12,9,7,25,Bedford,Texas,10,mystiquesummers,MystiqueSummers,12,,,S02,Rocker Chicks,,Give a wig a glam rock makeover,Pandora Boxx,,,Jujubee,Sahara Davenport,,,,,Alannah Myles,Black Velvet,Sahara Davenport,,,2010-03-08,0,0,7,10,Mystique Summers Madison,NA,NA,0,NA,0,8853,"Chicago, Illinois",1,3,0,0,0,0.333333333,0.333333333,0.666666667,0,0,0,1,1,2,-3,-3,-1
17,2,Jessica Wild,1,0,0,0,0,0,1,0,0,1,1,0,0,2,0,2,0,0,1,0,1,1,02/01/2010,Gone with the Windows,Competition,Sewing,12,9,8,29,San Juan,Puerto Rico,6,jessicawild88,JessicaWild88,12,SAFE,0,S02,Gone with the Windows,Curtain Couture,Gone with the Wind photo shoot,Raven,,,Sahara Davenport,Shangela,,,,,RuPaul,Cover Girl (Put the Bass in Your Walk),Shangela,,,2010-02-01,0,0,12,6,Jessica Wild,SAFE,0,1,0,0,7466,"San Juan, Puerto Rico",0,7,0.285714286,0.142857143,0.428571429,0,0.142857143,0.142857143,2,1,3,1,0,1,2,2,0.285714286
17,2,Jessica Wild,2,0,0,0,0,0,1,0,1,0,1,0,0,2,0,2,0,0,1,0,1,2,02/08/2010,Starbootylicious,Competition,Dancing,12,9,8,29,San Juan,Puerto Rico,6,jessicawild88,JessicaWild88,12,HIGH,0,S02,Starbootylicious,High-Class Drag,Turn RuPaul doll from lady to a tramp,Sahara Davenport,Pandora Boxx,,Raven,Nicole Paige Brooks,,,,,En Vogue,My Lovin' (You're Never Gonna Get It),Nicole Paige Brooks,,,2010-02-08,0,0,11,6,Jessica Wild,SAFE,0,1,0,0,7466,"San Juan, Puerto Rico",0,7,0.285714286,0.142857143,0.428571429,0,0.142857143,0.142857143,2,1,3,1,0,1,2,2,0.285714286
17,2,Jessica Wild,3,0,0,0,1,0,1,0,0,1,0,0,0,2,0,2,0,0,1,0,1,3,02/15/2010,Country Queens,Competition,Acting,12,9,8,29,San Juan,Puerto Rico,6,jessicawild88,JessicaWild88,12,HIGH,0,S02,Country Queens,Denim and Diamond Couture,"""Chicken or what?"" eating contest",Mystique Summers Madison,Morgan McMichaels,,Mystique Summers Madison,Raven,,,,,Wynonna Judd,I Hear You Knockin',Mystique Summers Madison,,,2010-02-15,0,0,10,6,Jessica Wild,HIGH,0,1,0,0,7466,"San Juan, Puerto Rico",0,7,0.285714286,0.142857143,0.428571429,0,0.142857143,0.142857143,2,1,3,1,0,1,2,2,0.285714286
17,2,Jessica Wild,4,0,0,0,1,0,1,0,1,0,1,0,0,2,0,2,0,0,1,0,1,4,02/22/2010,The Snatch Game,Competition,Snatch Game,12,9,8,29,San Juan,Puerto Rico,6,jessicawild88,JessicaWild88,12,SAFE,0,S02,The Snatch Game,Personal Style,The Queen is Right,Raven,,,Sonique,Morgan McMichaels,,,,,Stacey Q,Two of Hearts,Sonique,,Debut of the snatch game,2010-02-22,0,0,9,6,Jessica Wild,SAFE,0,1,0,0,7466,"San Juan, Puerto Rico",0,7,0.285714286,0.142857143,0.428571429,0,0.142857143,0.142857143,2,1,3,1,0,1,2,2,0.285714286
17,2,Jessica Wild,5,0,0,0,0,0,1,0,1,0,1,0,0,2,0,2,0,0,1,0,1,5,03/01/2010,Here Comes the Bride,Competition,Sewing,12,9,8,29,San Juan,Puerto Rico,6,jessicawild88,JessicaWild88,12,HIGH,0,S02,Here Comes the Bride,,Decorate a box in your drag style,Raven,,,Morgan McMichaels,Sahara Davenport,,,,,Martha Wash,Carry On,Morgan McMichaels,,,2010-03-01,0,0,8,6,Jessica Wild,HIGH,0,1,0,0,7466,"San Juan, Puerto Rico",0,7,0.285714286,0.142857143,0.428571429,0,0.142857143,0.142857143,2,1,3,1,0,1,2,2,0.285714286
18,2,Sonique,1,0,0,0,1,0,1,0,1,1,1,0,1,0,0,3,0,1,0,0,1,1,02/01/2010,Gone with the Windows,Competition,Sewing,12,9,9,26,Atlanta,Georgia,9,xosonique,xoSonique,12,SAFE,0,S02,Gone with the Windows,Curtain Couture,Gone with the Wind photo shoot,Raven,,,Sahara Davenport,Shangela,,,,,RuPaul,Cover Girl (Put the Bass in Your Walk),Shangela,,,2010-02-01,0,0,12,9,Sonique,SAFE,0,1,0,0,8522,"Atlanta, Georgia",0,4,0,0,0,0.25,0.25,0.5,0,0,0,1,1,2,-3,-3,-0.75
18,2,Sonique,2,0,0,0,1,0,1,0,1,1,1,0,1,0,0,3,0,1,0,0,1,2,02/08/2010,Starbootylicious,Competition,Dancing,12,9,9,26,Atlanta,Georgia,9,xosonique,xoSonique,12,LOW,0,S02,Starbootylicious,High-Class Drag,Turn RuPaul doll from lady to a tramp,Sahara Davenport,Pandora Boxx,,Raven,Nicole Paige Brooks,,,,,En Vogue,My Lovin' (You're Never Gonna Get It),Nicole Paige Brooks,,,2010-02-08,0,0,11,9,Sonique,LOW,0,1,0,0,8522,"Atlanta, Georgia",0,4,0,0,0,0.25,0.25,0.5,0,0,0,1,1,2,-3,-3,-0.75
18,2,Sonique,3,0,0,0,0,0,1,0,1,0,1,0,1,0,0,3,0,1,0,0,1,3,02/15/2010,Country Queens,Competition,Acting,12,9,9,26,Atlanta,Georgia,9,xosonique,xoSonique,12,SAFE,0,S02,Country Queens,Denim and Diamond Couture,"""Chicken or what?"" eating contest",Mystique Summers Madison,Morgan McMichaels,,Mystique Summers Madison,Raven,,,,,Wynonna Judd,I Hear You Knockin',Mystique Summers Madison,,,2010-02-15,0,0,10,9,Sonique,SAFE,0,1,0,0,8522,"Atlanta, Georgia",0,4,0,0,0,0.25,0.25,0.5,0,0,0,1,1,2,-3,-3,-0.75
18,2,Sonique,4,1,0,0,0,0,1,0,0,1,0,0,1,0,0,3,0,1,0,0,1,4,02/22/2010,The Snatch Game,Competition,Snatch Game,12,9,9,26,Atlanta,Georgia,9,xosonique,xoSonique,12,ELIM,1,S02,The Snatch Game,Personal Style,The Queen is Right,Raven,,,Sonique,Morgan McMichaels,,,,,Stacey Q,Two of Hearts,Sonique,,Debut of the snatch game,2010-02-22,0,0,9,9,Sonique,BTM,1,1,0,0,8522,"Atlanta, Georgia",0,4,0,0,0,0.25,0.25,0.5,0,0,0,1,1,2,-3,-3,-0.75
18,2,Sonique,5,0,0,0,0,0,1,0,1,0,1,0,1,0,0,3,0,1,0,0,1,5,03/01/2010,Here Comes the Bride,Competition,Sewing,12,9,9,26,Atlanta,Georgia,9,xosonique,xoSonique,12,,,S02,Here Comes the Bride,,Decorate a box in your drag style,Raven,,,Morgan McMichaels,Sahara Davenport,,,,,Martha Wash,Carry On,Morgan McMichaels,,,2010-03-01,0,0,8,9,Sonique,NA,NA,0,NA,0,8522,"Atlanta, Georgia",0,4,0,0,0,0.25,0.25,0.5,0,0,0,1,1,2,-3,-3,-0.75
19,2,Tatianna,1,0,0,0,1,0,1,0,1,1,0,0,0,4,0,2,0,0,1,0,1,1,02/01/2010,Gone with the Windows,Competition,Sewing,12,9,10,21,Falls Church,Virginia,4,tatiannagram,TATIANNANOW,12,SAFE,0,S02,Gone with the Windows,Curtain Couture,Gone with the Wind photo shoot,Raven,,,Sahara Davenport,Shangela,,,,,RuPaul,Cover Girl (Put the Bass in Your Walk),Shangela,,,2010-02-01,0,0,12,4,Tatianna,SAFE,0,1,0,0,10562,"Falls Church, Virginia",1,9,0.111111111,0.111111111,0.222222222,0.111111111,0.222222222,0.333333333,1,1,2,2,1,3,-2,-2,-0.222222222
19,2,Tatianna,2,0,0,0,1,0,1,0,1,1,1,0,0,4,0,2,0,0,1,0,1,2,02/08/2010,Starbootylicious,Competition,Dancing,12,9,10,21,Falls Church,Virginia,4,tatiannagram,TATIANNANOW,12,SAFE,0,S02,Starbootylicious,High-Class Drag,Turn RuPaul doll from lady to a tramp,Sahara Davenport,Pandora Boxx,,Raven,Nicole Paige Brooks,,,,,En Vogue,My Lovin' (You're Never Gonna Get It),Nicole Paige Brooks,,,2010-02-08,0,0,11,4,Tatianna,SAFE,0,1,0,0,10562,"Falls Church, Virginia",1,9,0.111111111,0.111111111,0.222222222,0.111111111,0.222222222,0.333333333,1,1,2,2,1,3,-2,-2,-0.222222222
19,2,Tatianna,3,0,0,0,0,0,1,0,0,1,1,0,0,4,0,2,0,0,1,0,1,3,02/15/2010,Country Queens,Competition,Acting,12,9,10,21,Falls Church,Virginia,4,tatiannagram,TATIANNANOW,12,SAFE,0,S02,Country Queens,Denim and Diamond Couture,"""Chicken or what?"" eating contest",Mystique Summers Madison,Morgan McMichaels,,Mystique Summers Madison,Raven,,,,,Wynonna Judd,I Hear You Knockin',Mystique Summers Madison,,,2010-02-15,0,0,10,4,Tatianna,SAFE,0,1,0,0,10562,"Falls Church, Virginia",1,9,0.111111111,0.111111111,0.222222222,0.111111111,0.222222222,0.333333333,1,1,2,2,1,3,-2,-2,-0.222222222
19,2,Tatianna,4,0,0,0,1,0,1,0,0,1,1,0,0,4,0,2,0,0,1,0,1,4,02/22/2010,The Snatch Game,Competition,Snatch Game,12,9,10,21,Falls Church,Virginia,4,tatiannagram,TATIANNANOW,12,WIN,0,S02,The Snatch Game,Personal Style,The Queen is Right,Raven,,,Sonique,Morgan McMichaels,,,,,Stacey Q,Two of Hearts,Sonique,,Debut of the snatch game,2010-02-22,0,0,9,4,Tatianna,WIN,0,1,0,0,10562,"Falls Church, Virginia",1,9,0.111111111,0.111111111,0.222222222,0.111111111,0.222222222,0.333333333,1,1,2,2,1,3,-2,-2,-0.222222222
19,2,Tatianna,5,0,1,1,0,0,1,0,0,0,1,1,0,4,0,2,0,0,1,0,1,5,03/01/2010,Here Comes the Bride,Competition,Sewing,12,9,10,21,Falls Church,Virginia,4,tatiannagram,TATIANNANOW,12,SAFE,0,S02,Here Comes the Bride,,Decorate a box in your drag style,Raven,,,Morgan McMichaels,Sahara Davenport,,,,,Martha Wash,Carry On,Morgan McMichaels,,,2010-03-01,0,0,8,4,Tatianna,LOW,0,1,0,0,10562,"Falls Church, Virginia",1,9,0.111111111,0.111111111,0.222222222,0.111111111,0.222222222,0.333333333,1,1,2,2,1,3,-2,-2,-0.222222222
20,2,Pandora Boxx,1,0,0,0,1,0,0,0,0,0,0,0,0,0,0,0,1,0,1,0,1,1,02/01/2010,Gone with the Windows,Competition,Sewing,12,9,11,37,Rochester,New York,5,pandoraboxx,ThePandoraBoxx,12,HIGH,0,S02,Gone with the Windows,Curtain Couture,Gone with the Wind photo shoot,Raven,,,Sahara Davenport,Shangela,,,,,RuPaul,Cover Girl (Put the Bass in Your Walk),Shangela,,,2010-02-01,0,0,12,5,Pandora Boxx,HIGH,0,1,0,0,4505,"Rochester, New York",2,8,0.5,0,0.5,0.125,0.125,0.25,4,0,4,1,1,2,1,1,0.125
20,2,Pandora Boxx,2,0,0,0,1,0,1,0,1,1,1,0,0,0,0,0,1,0,1,0,1,2,02/08/2010,Starbootylicious,Competition,Dancing,12,9,11,37,Rochester,New York,5,pandoraboxx,ThePandoraBoxx,12,SAFE,0,S02,Starbootylicious,High-Class Drag,Turn RuPaul doll from lady to a tramp,Sahara Davenport,Pandora Boxx,,Raven,Nicole Paige Brooks,,,,,En Vogue,My Lovin' (You're Never Gonna Get It),Nicole Paige Brooks,,,2010-02-08,0,0,11,5,Pandora Boxx,SAFE,0,1,0,0,4505,"Rochester, New York",2,8,0.5,0,0.5,0.125,0.125,0.25,4,0,4,1,1,2,1,1,0.125
20,2,Pandora Boxx,3,0,0,1,1,0,1,0,1,1,1,1,0,0,0,0,1,0,1,0,1,3,02/15/2010,Country Queens,Competition,Acting,12,9,11,37,Rochester,New York,5,pandoraboxx,ThePandoraBoxx,12,HIGH,0,S02,Country Queens,Denim and Diamond Couture,"""Chicken or what?"" eating contest",Mystique Summers Madison,Morgan McMichaels,,Mystique Summers Madison,Raven,,,,,Wynonna Judd,I Hear You Knockin',Mystique Summers Madison,,,2010-02-15,0,0,10,5,Pandora Boxx,HIGH,0,1,0,0,4505,"Rochester, New York",2,8,0.5,0,0.5,0.125,0.125,0.25,4,0,4,1,1,2,1,1,0.125
20,2,Pandora Boxx,4,0,0,0,1,0,1,0,1,0,1,0,0,0,0,0,1,0,1,0,1,4,02/22/2010,The Snatch Game,Competition,Snatch Game,12,9,11,37,Rochester,New York,5,pandoraboxx,ThePandoraBoxx,12,HIGH,0,S02,The Snatch Game,Personal Style,The Queen is Right,Raven,,,Sonique,Morgan McMichaels,,,,,Stacey Q,Two of Hearts,Sonique,,Debut of the snatch game,2010-02-22,0,0,9,5,Pandora Boxx,HIGH,0,1,0,0,4505,"Rochester, New York",2,8,0.5,0,0.5,0.125,0.125,0.25,4,0,4,1,1,2,1,1,0.125
20,2,Pandora Boxx,5,1,0,0,0,0,1,0,1,0,1,0,0,0,0,0,1,0,1,0,1,5,03/01/2010,Here Comes the Bride,Competition,Sewing,12,9,11,37,Rochester,New York,5,pandoraboxx,ThePandoraBoxx,12,LOW,0,S02,Here Comes the Bride,,Decorate a box in your drag style,Raven,,,Morgan McMichaels,Sahara Davenport,,,,,Martha Wash,Carry On,Morgan McMichaels,,,2010-03-01,0,0,8,5,Pandora Boxx,SAFE,0,1,0,0,4505,"Rochester, New York",2,8,0.5,0,0.5,0.125,0.125,0.25,4,0,4,1,1,2,1,1,0.125
21,2,Tyra Sanchez,1,0,0,0,1,0,1,0,1,1,0,0,0,2,0,1,1,0,0,0,1,1,02/01/2010,Gone with the Windows,Competition,Sewing,12,9,12,21,Orlando,Florida,1,,,12,HIGH,0,S02,Gone with the Windows,Curtain Couture,Gone with the Wind photo shoot,Raven,,,Sahara Davenport,Shangela,,,,,RuPaul,Cover Girl (Put the Bass in Your Walk),Shangela,,,2010-02-01,0,0,12,1,Tyra Sanchez,HIGH,0,1,0,0,10339,"Orlando, Florida",1,9,0.222222222,0.333333333,0.555555556,0.111111111,0,0.111111111,2,3,5,0,1,1,7,7,0.777777778
21,2,Tyra Sanchez,2,0,0,0,1,0,0,0,0,0,1,0,0,2,0,1,1,0,0,0,1,2,02/08/2010,Starbootylicious,Competition,Dancing,12,9,12,21,Orlando,Florida,1,,,12,HIGH,0,S02,Starbootylicious,High-Class Drag,Turn RuPaul doll from lady to a tramp,Sahara Davenport,Pandora Boxx,,Raven,Nicole Paige Brooks,,,,,En Vogue,My Lovin' (You're Never Gonna Get It),Nicole Paige Brooks,,,2010-02-08,0,0,11,1,Tyra Sanchez,SAFE,0,1,0,0,10339,"Orlando, Florida",1,9,0.222222222,0.333333333,0.555555556,0.111111111,0,0.111111111,2,3,5,0,1,1,7,7,0.777777778
21,2,Tyra Sanchez,3,1,0,1,1,0,0,0,0,1,1,1,0,2,0,1,1,0,0,0,1,3,02/15/2010,Country Queens,Competition,Acting,12,9,12,21,Orlando,Florida,1,,,12,WIN,0,S02,Country Queens,Denim and Diamond Couture,"""Chicken or what?"" eating contest",Mystique Summers Madison,Morgan McMichaels,,Mystique Summers Madison,Raven,,,,,Wynonna Judd,I Hear You Knockin',Mystique Summers Madison,,,2010-02-15,0,0,10,1,Tyra Sanchez,WIN,0,1,0,0,10339,"Orlando, Florida",1,9,0.222222222,0.333333333,0.555555556,0.111111111,0,0.111111111,2,3,5,0,1,1,7,7,0.777777778
21,2,Tyra Sanchez,4,0,0,0,0,0,1,0,1,1,1,0,0,2,0,1,1,0,0,0,1,4,02/22/2010,The Snatch Game,Competition,Snatch Game,12,9,12,21,Orlando,Florida,1,,,12,SAFE,0,S02,The Snatch Game,Personal Style,The Queen is Right,Raven,,,Sonique,Morgan McMichaels,,,,,Stacey Q,Two of Hearts,Sonique,,Debut of the snatch game,2010-02-22,0,0,9,1,Tyra Sanchez,SAFE,0,1,0,0,10339,"Orlando, Florida",1,9,0.222222222,0.333333333,0.555555556,0.111111111,0,0.111111111,2,3,5,0,1,1,7,7,0.777777778
21,2,Tyra Sanchez,5,0,0,0,0,0,1,0,1,0,1,0,0,2,0,1,1,0,0,0,1,5,03/01/2010,Here Comes the Bride,Competition,Sewing,12,9,12,21,Orlando,Florida,1,,,12,WIN,0,S02,Here Comes the Bride,,Decorate a box in your drag style,Raven,,,Morgan McMichaels,Sahara Davenport,,,,,Martha Wash,Carry On,Morgan McMichaels,,,2010-03-01,0,0,8,1,Tyra Sanchez,WIN,0,1,0,0,10339,"Orlando, Florida",1,9,0.222222222,0.333333333,0.555555556,0.111111111,0,0.111111111,2,3,5,0,1,1,7,7,0.777777778